/*******************************************************************************
 * Size: 24 px
 * Bpp: 8
 * Opts: --bpp 8 --size 24 --no-compress --font ..\..\Downloads\montserrat (1)\Montserrat\Montserrat-Bold.ttf --range 32-127 --format lvgl
 ******************************************************************************/

#ifdef __has_include
    #if __has_include("lvgl.h")
        #ifndef LV_LVGL_H_INCLUDE_SIMPLE
            #define LV_LVGL_H_INCLUDE_SIMPLE
        #endif
    #endif
#endif

#ifdef LV_LVGL_H_INCLUDE_SIMPLE
    #include "lvgl.h"
#else
    #include "lvgl/lvgl.h"
#endif

#ifndef UI_FONT_MONTSERRAT_BOLD_24
#define UI_FONT_MONTSERRAT_BOLD_24 1
#endif

#if UI_FONT_MONTSERRAT_BOLD_24

/*-----------------
 *    BITMAPS
 *----------------*/

/*Store the image of the glyphs*/
static LV_ATTRIBUTE_LARGE_CONST const uint8_t glyph_bitmap[] = {
    /* U+0020 " " */

    /* U+0021 "!" */
    0x58, 0xff, 0xff, 0xff, 0xe8, 0x58, 0xff, 0xff,
    0xff, 0xe8, 0x58, 0xff, 0xff, 0xff, 0xe7, 0x4d,
    0xff, 0xff, 0xff, 0xdb, 0x37, 0xff, 0xff, 0xff,
    0xc6, 0x22, 0xff, 0xff, 0xff, 0xb0, 0xd, 0xff,
    0xff, 0xff, 0x9b, 0x0, 0xf8, 0xff, 0xff, 0x85,
    0x0, 0xe3, 0xff, 0xff, 0x70, 0x0, 0xce, 0xff,
    0xff, 0x5a, 0x0, 0xb9, 0xff, 0xff, 0x45, 0x0,
    0x54, 0x80, 0x80, 0x1a, 0x0, 0x0, 0x20, 0xd,
    0x0, 0x2, 0xb4, 0xff, 0xf4, 0x49, 0x43, 0xff,
    0xff, 0xff, 0xca, 0x37, 0xff, 0xff, 0xff, 0xbf,
    0x0, 0x87, 0xf1, 0xd3, 0x2f,

    /* U+0022 "\"" */
    0x4c, 0xff, 0xff, 0x90, 0x2c, 0xff, 0xff, 0xb0,
    0x4c, 0xff, 0xff, 0x90, 0x2c, 0xff, 0xff, 0xb0,
    0x4c, 0xff, 0xff, 0x90, 0x2c, 0xff, 0xff, 0xb0,
    0x4c, 0xff, 0xff, 0x90, 0x2c, 0xff, 0xff, 0xb0,
    0x4c, 0xff, 0xff, 0x90, 0x2c, 0xff, 0xff, 0xb0,
    0x4c, 0xff, 0xff, 0x90, 0x2c, 0xff, 0xff, 0xb0,
    0x1b, 0x5c, 0x5c, 0x33, 0xf, 0x5c, 0x5c, 0x3f,

    /* U+0023 "#" */
    0x0, 0x0, 0x0, 0x0, 0x72, 0xff, 0xff, 0xff,
    0x2e, 0x0, 0xa9, 0xff, 0xff, 0xf8, 0x4, 0x0,
    0x0, 0x0, 0x0, 0x0, 0x9c, 0xff, 0xff, 0xfc,
    0x7, 0x0, 0xd2, 0xff, 0xff, 0xcf, 0x0, 0x0,
    0x0, 0x0, 0x0, 0x0, 0xc6, 0xff, 0xff, 0xda,
    0x0, 0x2, 0xf8, 0xff, 0xff, 0xa2, 0x0, 0x0,
    0x0, 0x0, 0x0, 0x0, 0xef, 0xff, 0xff, 0xb0,
    0x0, 0x24, 0xff, 0xff, 0xff, 0x76, 0x0, 0x0,
    0x0, 0x95, 0xff, 0xff, 0xff, 0xff, 0xff, 0xff,
    0xff, 0xff, 0xff, 0xff, 0xff, 0xff, 0xff, 0xca,
    0x0, 0xc7, 0xff, 0xff, 0xff, 0xff, 0xff, 0xff,
    0xff, 0xff, 0xff, 0xff, 0xff, 0xff, 0xff, 0x99,
    0x3, 0xf5, 0xff, 0xff, 0xff, 0xff, 0xff, 0xff,
    0xff, 0xff, 0xff, 0xff, 0xff, 0xff, 0xff, 0x67,
    0x7, 0x48, 0x48, 0xbb, 0xff, 0xff, 0xfc, 0x4a,
    0x48, 0xe0, 0xff, 0xff, 0xd3, 0x48, 0x48, 0x13,
    0x0, 0x0, 0x0, 0xc9, 0xff, 0xff, 0xd3, 0x0,
    0x6, 0xf9, 0xff, 0xff, 0x98, 0x0, 0x0, 0x0,
    0x0, 0x0, 0x2, 0xf5, 0xff, 0xff, 0xa1, 0x0,
    0x30, 0xff, 0xff, 0xff, 0x68, 0x0, 0x0, 0x0,
    0x65, 0xff, 0xff, 0xff, 0xff, 0xff, 0xff, 0xff,
    0xff, 0xff, 0xff, 0xff, 0xff, 0xff, 0xf7, 0x3,
    0x97, 0xff, 0xff, 0xff, 0xff, 0xff, 0xff, 0xff,
    0xff, 0xff, 0xff, 0xff, 0xff, 0xff, 0xc9, 0x0,
    0xc9, 0xff, 0xff, 0xff, 0xff, 0xff, 0xff, 0xff,
    0xff, 0xff, 0xff, 0xff, 0xff, 0xff, 0x97, 0x0,
    0x41, 0x48, 0xc9, 0xff, 0xff, 0xf1, 0x48, 0x48,
    0xeb, 0xff, 0xff, 0xc9, 0x48, 0x48, 0x21, 0x0,
    0x0, 0x0, 0xd8, 0xff, 0xff, 0xc7, 0x0, 0xa,
    0xfe, 0xff, 0xff, 0x8f, 0x0, 0x0, 0x0, 0x0,
    0x0, 0x7, 0xfc, 0xff, 0xff, 0x9c, 0x0, 0x33,
    0xff, 0xff, 0xff, 0x64, 0x0, 0x0, 0x0, 0x0,
    0x0, 0x2e, 0xff, 0xff, 0xff, 0x71, 0x0, 0x5e,
    0xff, 0xff, 0xff, 0x39, 0x0, 0x0, 0x0, 0x0,

    /* U+0024 "$" */
    0x0, 0x0, 0x0, 0x0, 0x0, 0x0, 0x84, 0xff,
    0xff, 0x8, 0x0, 0x0, 0x0, 0x0, 0x0, 0x0,
    0x0, 0x0, 0x0, 0x44, 0x9f, 0xe4, 0xff, 0xff,
    0xb0, 0x6d, 0x17, 0x0, 0x0, 0x0, 0x0, 0x0,
    0x9, 0xab, 0xff, 0xff, 0xff, 0xff, 0xff, 0xff,
    0xff, 0xf8, 0x95, 0x12, 0x0, 0x0, 0x0, 0x9e,
    0xff, 0xff, 0xff, 0xff, 0xff, 0xff, 0xff, 0xff,
    0xff, 0xff, 0x88, 0x0, 0x0, 0x1f, 0xfe, 0xff,
    0xff, 0xf4, 0xcc, 0xff, 0xff, 0xc3, 0xff, 0xff,
    0xd6, 0x9, 0x0, 0x0, 0x56, 0xff, 0xff, 0xff,
    0x85, 0x84, 0xff, 0xff, 0x8, 0x31, 0xc1, 0x31,
    0x0, 0x0, 0x0, 0x5c, 0xff, 0xff, 0xff, 0xb1,
    0x85, 0xff, 0xff, 0x8, 0x0, 0x0, 0x0, 0x0,
    0x0, 0x0, 0x33, 0xff, 0xff, 0xff, 0xff, 0xf5,
    0xff, 0xff, 0x8, 0x0, 0x0, 0x0, 0x0, 0x0,
    0x0, 0x0, 0xc4, 0xff, 0xff, 0xff, 0xff, 0xff,
    0xff, 0xde, 0x89, 0x20, 0x0, 0x0, 0x0, 0x0,
    0x0, 0x16, 0xbc, 0xff, 0xff, 0xff, 0xff, 0xff,
    0xff, 0xff, 0xf8, 0x78, 0x0, 0x0, 0x0, 0x0,
    0x0, 0x0, 0x43, 0xa5, 0xef, 0xff, 0xff, 0xff,
    0xff, 0xff, 0xff, 0x6a, 0x0, 0x0, 0x0, 0x0,
    0x0, 0x0, 0x0, 0x84, 0xff, 0xff, 0xe5, 0xff,
    0xff, 0xff, 0xe1, 0x0, 0x0, 0x0, 0x18, 0x45,
    0x0, 0x0, 0x84, 0xff, 0xff, 0x16, 0xe6, 0xff,
    0xff, 0xff, 0xe, 0x0, 0x8, 0xc8, 0xfd, 0x87,
    0xa, 0x84, 0xff, 0xff, 0x8, 0xd6, 0xff, 0xff,
    0xff, 0xa, 0x0, 0xa5, 0xff, 0xff, 0xff, 0xe7,
    0xd1, 0xff, 0xff, 0xab, 0xff, 0xff, 0xff, 0xd4,
    0x0, 0x4, 0x97, 0xff, 0xff, 0xff, 0xff, 0xff,
    0xff, 0xff, 0xff, 0xff, 0xff, 0xff, 0x59, 0x0,
    0x0, 0x0, 0x4b, 0xd8, 0xff, 0xff, 0xff, 0xff,
    0xff, 0xff, 0xff, 0xfd, 0x79, 0x0, 0x0, 0x0,
    0x0, 0x0, 0x2, 0x48, 0x99, 0xe3, 0xff, 0xff,
    0xd3, 0x96, 0x2d, 0x0, 0x0, 0x0, 0x0, 0x0,
    0x0, 0x0, 0x0, 0x0, 0x84, 0xff, 0xff, 0x8,
    0x0, 0x0, 0x0, 0x0, 0x0, 0x0, 0x0, 0x0,
    0x0, 0x0, 0x0, 0x4a, 0x90, 0x90, 0x4, 0x0,
    0x0, 0x0, 0x0, 0x0,

    /* U+0025 "%" */
    0x0, 0x12, 0xa1, 0xef, 0xf4, 0xb0, 0x1f, 0x0,
    0x0, 0x0, 0x0, 0x0, 0x9f, 0xff, 0xff, 0xff,
    0x79, 0x0, 0x1, 0xc1, 0xff, 0xff, 0xff, 0xff,
    0xe0, 0xe, 0x0, 0x0, 0x0, 0x54, 0xff, 0xff,
    0xff, 0xc1, 0x2, 0x0, 0x43, 0xff, 0xff, 0x83,
    0x63, 0xff, 0xff, 0x6d, 0x0, 0x0, 0x1b, 0xed,
    0xff, 0xff, 0xf0, 0x1f, 0x0, 0x0, 0x6c, 0xff,
    0xff, 0x1b, 0x0, 0xf4, 0xff, 0x95, 0x0, 0x1,
    0xbd, 0xff, 0xff, 0xff, 0x5a, 0x0, 0x0, 0x0,
    0x4e, 0xff, 0xff, 0x5a, 0x39, 0xff, 0xff, 0x7b,
    0x0, 0x75, 0xff, 0xff, 0xff, 0xa5, 0x0, 0x0,
    0x0, 0x0, 0x7, 0xd8, 0xff, 0xff, 0xff, 0xff,
    0xf2, 0x1d, 0x30, 0xf9, 0xff, 0xff, 0xe1, 0xf,
    0x0, 0x0, 0x0, 0x0, 0x0, 0x28, 0xcd, 0xff,
    0xff, 0xdd, 0x3d, 0x9, 0xd5, 0xff, 0xff, 0xfd,
    0x3e, 0x0, 0x0, 0x0, 0x0, 0x0, 0x0, 0x0,
    0x0, 0x1c, 0x21, 0x1, 0x0, 0x95, 0xff, 0xff,
    0xff, 0x86, 0x0, 0x0, 0x0, 0x0, 0x0, 0x0,
    0x0, 0x0, 0x0, 0x0, 0x0, 0x0, 0x4a, 0xff,
    0xff, 0xff, 0xcc, 0x5, 0x0, 0x0, 0x0, 0x0,
    0x0, 0x0, 0x0, 0x0, 0x0, 0x0, 0x0, 0x16,
    0xe9, 0xff, 0xff, 0xf5, 0x27, 0x0, 0x0, 0x0,
    0x0, 0x0, 0x0, 0x0, 0x0, 0x0, 0x0, 0x0,
    0x0, 0xb4, 0xff, 0xff, 0xff, 0x67, 0x0, 0x0,
    0x2, 0x19, 0x3, 0x0, 0x0, 0x0, 0x0, 0x0,
    0x0, 0x0, 0x6a, 0xff, 0xff, 0xff, 0xb2, 0x0,
    0x7, 0x8a, 0xf6, 0xff, 0xf8, 0x94, 0xb, 0x0,
    0x0, 0x0, 0x0, 0x29, 0xf6, 0xff, 0xff, 0xe8,
    0x15, 0x0, 0x99, 0xff, 0xff, 0xff, 0xff, 0xff,
    0xa8, 0x0, 0x0, 0x0, 0x6, 0xce, 0xff, 0xff,
    0xff, 0x49, 0x0, 0x0, 0xf5, 0xff, 0xbb, 0xd,
    0xaf, 0xff, 0xfc, 0x8, 0x0, 0x0, 0x8b, 0xff,
    0xff, 0xff, 0x93, 0x0, 0x0, 0x0, 0xee, 0xff,
    0xb3, 0x5, 0xa6, 0xff, 0xf9, 0x5, 0x0, 0x41,
    0xfe, 0xff, 0xff, 0xd5, 0x9, 0x0, 0x0, 0x0,
    0x80, 0xff, 0xff, 0xfe, 0xff, 0xff, 0x93, 0x0,
    0x11, 0xe3, 0xff, 0xff, 0xf9, 0x30, 0x0, 0x0,
    0x0, 0x0, 0x1, 0x67, 0xd4, 0xf6, 0xd9, 0x74,
    0x4, 0x0,

    /* U+0026 "&" */
    0x0, 0x0, 0x0, 0x6, 0x6e, 0xca, 0xf4, 0xf8,
    0xd7, 0x87, 0x12, 0x0, 0x0, 0x0, 0x0, 0x0,
    0x0, 0x0, 0xd, 0xc9, 0xff, 0xff, 0xff, 0xff,
    0xff, 0xff, 0xe4, 0x23, 0x0, 0x0, 0x0, 0x0,
    0x0, 0x0, 0x85, 0xff, 0xff, 0xff, 0xf0, 0xe6,
    0xff, 0xff, 0xff, 0xb2, 0x0, 0x0, 0x0, 0x0,
    0x0, 0x0, 0xcb, 0xff, 0xff, 0xe8, 0x11, 0x3,
    0xb9, 0xff, 0xff, 0xf1, 0x0, 0x0, 0x0, 0x0,
    0x0, 0x0, 0xd2, 0xff, 0xff, 0xdd, 0x0, 0x0,
    0xa2, 0xff, 0xff, 0xdd, 0x0, 0x0, 0x0, 0x0,
    0x0, 0x0, 0x9a, 0xff, 0xff, 0xff, 0x71, 0x8e,
    0xff, 0xff, 0xff, 0x7b, 0x0, 0x0, 0x0, 0x0,
    0x0, 0x0, 0x1f, 0xf2, 0xff, 0xff, 0xff, 0xff,
    0xff, 0xff, 0xb2, 0x6, 0x0, 0x0, 0x0, 0x0,
    0x0, 0x0, 0x1, 0xa2, 0xff, 0xff, 0xff, 0xff,
    0xfc, 0x88, 0x5, 0x0, 0x0, 0x0, 0x0, 0x0,
    0x0, 0x12, 0xbf, 0xff, 0xff, 0xff, 0xff, 0xff,
    0xd1, 0x8, 0x0, 0x60, 0x19, 0x0, 0x0, 0x0,
    0xa, 0xce, 0xff, 0xff, 0xff, 0xeb, 0xff, 0xff,
    0xff, 0xa7, 0x9, 0xeb, 0xec, 0x53, 0x0, 0x0,
    0x7b, 0xff, 0xff, 0xff, 0x90, 0x9, 0xbc, 0xff,
    0xff, 0xff, 0xce, 0xff, 0xff, 0xfd, 0x1b, 0x0,
    0xc8, 0xff, 0xff, 0xdb, 0x2, 0x0, 0xd, 0xcb,
    0xff, 0xff, 0xff, 0xff, 0xff, 0xa6, 0x0, 0x0,
    0xd4, 0xff, 0xff, 0xcb, 0x0, 0x0, 0x0, 0x12,
    0xd3, 0xff, 0xff, 0xff, 0xfe, 0x2a, 0x0, 0x0,
    0xa5, 0xff, 0xff, 0xff, 0x7f, 0x11, 0x5, 0x52,
    0xe1, 0xff, 0xff, 0xff, 0xff, 0x7f, 0x0, 0x0,
    0x35, 0xfd, 0xff, 0xff, 0xff, 0xff, 0xfd, 0xff,
    0xff, 0xff, 0xff, 0xff, 0xff, 0xff, 0x85, 0x0,
    0x0, 0x5b, 0xf6, 0xff, 0xff, 0xff, 0xff, 0xff,
    0xff, 0xff, 0xa6, 0xe4, 0xff, 0xff, 0xe5, 0x17,
    0x0, 0x0, 0x21, 0x8e, 0xd3, 0xf5, 0xf9, 0xe0,
    0xa2, 0x3b, 0x0, 0x26, 0xe6, 0xde, 0x22, 0x0,
    0x0, 0x0, 0x0, 0x0, 0x0, 0x0, 0x0, 0x0,
    0x0, 0x0, 0x0, 0x0, 0x27, 0x1a, 0x0, 0x0,

    /* U+0027 "'" */
    0x4c, 0xff, 0xff, 0x90, 0x4c, 0xff, 0xff, 0x90,
    0x4c, 0xff, 0xff, 0x90, 0x4c, 0xff, 0xff, 0x90,
    0x4c, 0xff, 0xff, 0x90, 0x4c, 0xff, 0xff, 0x90,
    0x1b, 0x5c, 0x5c, 0x33,

    /* U+0028 "(" */
    0x0, 0x0, 0x25, 0xf7, 0xff, 0xff, 0xca, 0x1,
    0x0, 0x0, 0xad, 0xff, 0xff, 0xfe, 0x36, 0x0,
    0x0, 0x25, 0xfe, 0xff, 0xff, 0xaa, 0x0, 0x0,
    0x0, 0x8b, 0xff, 0xff, 0xff, 0x3f, 0x0, 0x0,
    0x0, 0xe4, 0xff, 0xff, 0xd6, 0x0, 0x0, 0x0,
    0x2a, 0xff, 0xff, 0xff, 0x81, 0x0, 0x0, 0x0,
    0x69, 0xff, 0xff, 0xff, 0x3f, 0x0, 0x0, 0x0,
    0xa4, 0xff, 0xff, 0xf6, 0x6, 0x0, 0x0, 0x0,
    0xc2, 0xff, 0xff, 0xd6, 0x0, 0x0, 0x0, 0x0,
    0xd7, 0xff, 0xff, 0xbf, 0x0, 0x0, 0x0, 0x0,
    0xe6, 0xff, 0xff, 0xad, 0x0, 0x0, 0x0, 0x0,
    0xd6, 0xff, 0xff, 0xc0, 0x0, 0x0, 0x0, 0x0,
    0xc1, 0xff, 0xff, 0xd7, 0x0, 0x0, 0x0, 0x0,
    0xa2, 0xff, 0xff, 0xf7, 0x7, 0x0, 0x0, 0x0,
    0x66, 0xff, 0xff, 0xff, 0x41, 0x0, 0x0, 0x0,
    0x27, 0xff, 0xff, 0xff, 0x83, 0x0, 0x0, 0x0,
    0x0, 0xe1, 0xff, 0xff, 0xd8, 0x0, 0x0, 0x0,
    0x0, 0x87, 0xff, 0xff, 0xff, 0x43, 0x0, 0x0,
    0x0, 0x21, 0xfd, 0xff, 0xff, 0xaf, 0x0, 0x0,
    0x0, 0x0, 0xa5, 0xff, 0xff, 0xff, 0x3c, 0x0,
    0x0, 0x0, 0x1f, 0xe7, 0xf0, 0xf0, 0xc1, 0x1,

    /* U+0029 ")" */
    0x24, 0xf8, 0xff, 0xff, 0xc9, 0x2, 0x0, 0x0,
    0x0, 0x86, 0xff, 0xff, 0xff, 0x5b, 0x0, 0x0,
    0x0, 0xb, 0xf0, 0xff, 0xff, 0xd1, 0x0, 0x0,
    0x0, 0x0, 0x93, 0xff, 0xff, 0xff, 0x38, 0x0,
    0x0, 0x0, 0x2b, 0xff, 0xff, 0xff, 0x91, 0x0,
    0x0, 0x0, 0x0, 0xd5, 0xff, 0xff, 0xd6, 0x0,
    0x0, 0x0, 0x0, 0x92, 0xff, 0xff, 0xff, 0x17,
    0x0, 0x0, 0x0, 0x4e, 0xff, 0xff, 0xff, 0x53,
    0x0, 0x0, 0x0, 0x28, 0xff, 0xff, 0xff, 0x70,
    0x0, 0x0, 0x0, 0x10, 0xff, 0xff, 0xff, 0x86,
    0x0, 0x0, 0x0, 0x0, 0xfd, 0xff, 0xff, 0x96,
    0x0, 0x0, 0x0, 0x11, 0xff, 0xff, 0xff, 0x85,
    0x0, 0x0, 0x0, 0x29, 0xff, 0xff, 0xff, 0x6f,
    0x0, 0x0, 0x0, 0x51, 0xff, 0xff, 0xff, 0x51,
    0x0, 0x0, 0x0, 0x94, 0xff, 0xff, 0xfe, 0x15,
    0x0, 0x0, 0x0, 0xd7, 0xff, 0xff, 0xd4, 0x0,
    0x0, 0x0, 0x2d, 0xff, 0xff, 0xff, 0x8d, 0x0,
    0x0, 0x0, 0x96, 0xff, 0xff, 0xff, 0x33, 0x0,
    0x0, 0xe, 0xf1, 0xff, 0xff, 0xcc, 0x0, 0x0,
    0x0, 0x8d, 0xff, 0xff, 0xff, 0x53, 0x0, 0x0,
    0x23, 0xeb, 0xf0, 0xf0, 0xba, 0x1, 0x0, 0x0,

    /* U+002A "*" */
    0x0, 0x4, 0x0, 0xd8, 0xff, 0xc6, 0x0, 0x4,
    0x0, 0x2, 0xc6, 0x81, 0xcb, 0xff, 0xbd, 0x8b,
    0xba, 0x0, 0x65, 0xff, 0xff, 0xff, 0xff, 0xff,
    0xff, 0xff, 0x54, 0x1d, 0x95, 0xf8, 0xff, 0xff,
    0xff, 0xf5, 0x8d, 0x18, 0x1d, 0x94, 0xf8, 0xff,
    0xff, 0xff, 0xf4, 0x8c, 0x18, 0x5e, 0xff, 0xff,
    0xff, 0xff, 0xff, 0xff, 0xff, 0x4d, 0x1, 0xc9,
    0x83, 0xcb, 0xff, 0xbe, 0x90, 0xbc, 0x0, 0x0,
    0x6, 0x0, 0xd4, 0xfc, 0xc3, 0x0, 0x6, 0x0,

    /* U+002B "+" */
    0x0, 0x0, 0x0, 0x0, 0x4f, 0x7c, 0x7c, 0x51,
    0x0, 0x0, 0x0, 0x0, 0x0, 0x0, 0x0, 0x0,
    0xa4, 0xff, 0xff, 0xa8, 0x0, 0x0, 0x0, 0x0,
    0x0, 0x0, 0x0, 0x0, 0xa4, 0xff, 0xff, 0xa8,
    0x0, 0x0, 0x0, 0x0, 0x0, 0x0, 0x0, 0x0,
    0xa4, 0xff, 0xff, 0xa8, 0x0, 0x0, 0x0, 0x0,
    0x0, 0x0, 0x0, 0x0, 0xa4, 0xff, 0xff, 0xa8,
    0x0, 0x0, 0x0, 0x0, 0xd8, 0xff, 0xff, 0xff,
    0xff, 0xff, 0xff, 0xff, 0xff, 0xff, 0xff, 0xdc,
    0xd8, 0xff, 0xff, 0xff, 0xff, 0xff, 0xff, 0xff,
    0xff, 0xff, 0xff, 0xdc, 0xc7, 0xec, 0xec, 0xec,
    0xf8, 0xff, 0xff, 0xf9, 0xec, 0xec, 0xec, 0xca,
    0x0, 0x0, 0x0, 0x0, 0xa4, 0xff, 0xff, 0xa8,
    0x0, 0x0, 0x0, 0x0, 0x0, 0x0, 0x0, 0x0,
    0xa4, 0xff, 0xff, 0xa8, 0x0, 0x0, 0x0, 0x0,
    0x0, 0x0, 0x0, 0x0, 0xa4, 0xff, 0xff, 0xa8,
    0x0, 0x0, 0x0, 0x0, 0x0, 0x0, 0x0, 0x0,
    0xa4, 0xff, 0xff, 0xa8, 0x0, 0x0, 0x0, 0x0,

    /* U+002C "," */
    0x0, 0x1a, 0x50, 0x22, 0x0, 0x34, 0xf4, 0xff,
    0xfa, 0x51, 0x97, 0xff, 0xff, 0xff, 0xb9, 0x74,
    0xff, 0xff, 0xff, 0x92, 0x3, 0xee, 0xff, 0xf9,
    0x21, 0x36, 0xff, 0xff, 0x87, 0x0, 0x8f, 0xff,
    0xe4, 0xb, 0x0,

    /* U+002D "-" */
    0xf, 0x28, 0x28, 0x28, 0x28, 0x28, 0x28, 0x28,
    0x28, 0x6, 0x64, 0xff, 0xff, 0xff, 0xff, 0xff,
    0xff, 0xff, 0xff, 0x28, 0x64, 0xff, 0xff, 0xff,
    0xff, 0xff, 0xff, 0xff, 0xff, 0x28, 0x64, 0xff,
    0xff, 0xff, 0xff, 0xff, 0xff, 0xff, 0xff, 0x28,

    /* U+002E "." */
    0x0, 0x6, 0x23, 0x4, 0x0, 0x24, 0xe3, 0xff,
    0xd8, 0x16, 0x93, 0xff, 0xff, 0xff, 0x7a, 0x87,
    0xff, 0xff, 0xff, 0x6f, 0x13, 0xbb, 0xf4, 0xaf,
    0x9,

    /* U+002F "/" */
    0x0, 0x0, 0x0, 0x0, 0x0, 0x0, 0x0, 0x0,
    0x0, 0x0, 0x87, 0xff, 0xff, 0xdd, 0x3, 0x0,
    0x0, 0x0, 0x0, 0x0, 0x0, 0x0, 0x0, 0x0,
    0xc, 0xef, 0xff, 0xff, 0x6b, 0x0, 0x0, 0x0,
    0x0, 0x0, 0x0, 0x0, 0x0, 0x0, 0x0, 0x71,
    0xff, 0xff, 0xec, 0xa, 0x0, 0x0, 0x0, 0x0,
    0x0, 0x0, 0x0, 0x0, 0x0, 0x4, 0xe1, 0xff,
    0xff, 0x81, 0x0, 0x0, 0x0, 0x0, 0x0, 0x0,
    0x0, 0x0, 0x0, 0x0, 0x5b, 0xff, 0xff, 0xf6,
    0x15, 0x0, 0x0, 0x0, 0x0, 0x0, 0x0, 0x0,
    0x0, 0x0, 0x0, 0xcf, 0xff, 0xff, 0x96, 0x0,
    0x0, 0x0, 0x0, 0x0, 0x0, 0x0, 0x0, 0x0,
    0x0, 0x45, 0xff, 0xff, 0xfd, 0x24, 0x0, 0x0,
    0x0, 0x0, 0x0, 0x0, 0x0, 0x0, 0x0, 0x0,
    0xba, 0xff, 0xff, 0xac, 0x0, 0x0, 0x0, 0x0,
    0x0, 0x0, 0x0, 0x0, 0x0, 0x0, 0x2f, 0xff,
    0xff, 0xff, 0x36, 0x0, 0x0, 0x0, 0x0, 0x0,
    0x0, 0x0, 0x0, 0x0, 0x0, 0xa4, 0xff, 0xff,
    0xc1, 0x0, 0x0, 0x0, 0x0, 0x0, 0x0, 0x0,
    0x0, 0x0, 0x0, 0x1e, 0xfb, 0xff, 0xff, 0x4c,
    0x0, 0x0, 0x0, 0x0, 0x0, 0x0, 0x0, 0x0,
    0x0, 0x0, 0x8f, 0xff, 0xff, 0xd5, 0x1, 0x0,
    0x0, 0x0, 0x0, 0x0, 0x0, 0x0, 0x0, 0x0,
    0x10, 0xf3, 0xff, 0xff, 0x61, 0x0, 0x0, 0x0,
    0x0, 0x0, 0x0, 0x0, 0x0, 0x0, 0x0, 0x79,
    0xff, 0xff, 0xe6, 0x6, 0x0, 0x0, 0x0, 0x0,
    0x0, 0x0, 0x0, 0x0, 0x0, 0x7, 0xe7, 0xff,
    0xff, 0x77, 0x0, 0x0, 0x0, 0x0, 0x0, 0x0,
    0x0, 0x0, 0x0, 0x0, 0x63, 0xff, 0xff, 0xf2,
    0xf, 0x0, 0x0, 0x0, 0x0, 0x0, 0x0, 0x0,
    0x0, 0x0, 0x1, 0xd6, 0xff, 0xff, 0x8c, 0x0,
    0x0, 0x0, 0x0, 0x0, 0x0, 0x0, 0x0, 0x0,
    0x0, 0x4d, 0xff, 0xff, 0xfa, 0x1c, 0x0, 0x0,
    0x0, 0x0, 0x0, 0x0, 0x0, 0x0, 0x0, 0x0,
    0xc2, 0xff, 0xff, 0xa2, 0x0, 0x0, 0x0, 0x0,
    0x0, 0x0, 0x0, 0x0, 0x0, 0x0, 0x37, 0xff,
    0xff, 0xff, 0x2d, 0x0, 0x0, 0x0, 0x0, 0x0,
    0x0, 0x0, 0x0, 0x0, 0x0, 0xac, 0xff, 0xff,
    0xb7, 0x0, 0x0, 0x0, 0x0, 0x0, 0x0, 0x0,
    0x0, 0x0, 0x0, 0x24, 0xfd, 0xff, 0xff, 0x42,
    0x0, 0x0, 0x0, 0x0, 0x0, 0x0, 0x0, 0x0,
    0x0, 0x0,

    /* U+0030 "0" */
    0x0, 0x0, 0x0, 0xf, 0x7d, 0xca, 0xed, 0xf8,
    0xe3, 0xab, 0x4a, 0x0, 0x0, 0x0, 0x0, 0x0,
    0x0, 0x33, 0xe8, 0xff, 0xff, 0xff, 0xff, 0xff,
    0xff, 0xff, 0xa4, 0x3, 0x0, 0x0, 0x0, 0x18,
    0xec, 0xff, 0xff, 0xff, 0xff, 0xff, 0xff, 0xff,
    0xff, 0xff, 0x91, 0x0, 0x0, 0x0, 0x9f, 0xff,
    0xff, 0xff, 0xb3, 0x30, 0x19, 0x5b, 0xef, 0xff,
    0xff, 0xfd, 0x2e, 0x0, 0x10, 0xf7, 0xff, 0xff,
    0xd9, 0x6, 0x0, 0x0, 0x0, 0x54, 0xff, 0xff,
    0xff, 0x96, 0x0, 0x52, 0xff, 0xff, 0xff, 0x7a,
    0x0, 0x0, 0x0, 0x0, 0x3, 0xea, 0xff, 0xff,
    0xe0, 0x0, 0x82, 0xff, 0xff, 0xff, 0x34, 0x0,
    0x0, 0x0, 0x0, 0x0, 0xa5, 0xff, 0xff, 0xff,
    0x11, 0x99, 0xff, 0xff, 0xff, 0x1a, 0x0, 0x0,
    0x0, 0x0, 0x0, 0x8b, 0xff, 0xff, 0xff, 0x28,
    0xa4, 0xff, 0xff, 0xff, 0x9, 0x0, 0x0, 0x0,
    0x0, 0x0, 0x7a, 0xff, 0xff, 0xff, 0x34, 0x99,
    0xff, 0xff, 0xff, 0x19, 0x0, 0x0, 0x0, 0x0,
    0x0, 0x8b, 0xff, 0xff, 0xff, 0x28, 0x82, 0xff,
    0xff, 0xff, 0x32, 0x0, 0x0, 0x0, 0x0, 0x0,
    0xa4, 0xff, 0xff, 0xff, 0x12, 0x52, 0xff, 0xff,
    0xff, 0x78, 0x0, 0x0, 0x0, 0x0, 0x2, 0xe7,
    0xff, 0xff, 0xe0, 0x0, 0x10, 0xf8, 0xff, 0xff,
    0xd6, 0x5, 0x0, 0x0, 0x0, 0x4f, 0xff, 0xff,
    0xff, 0x96, 0x0, 0x0, 0xa1, 0xff, 0xff, 0xff,
    0xae, 0x2b, 0x14, 0x56, 0xec, 0xff, 0xff, 0xfd,
    0x2f, 0x0, 0x0, 0x1a, 0xee, 0xff, 0xff, 0xff,
    0xff, 0xff, 0xff, 0xff, 0xff, 0xff, 0x94, 0x0,
    0x0, 0x0, 0x0, 0x35, 0xe9, 0xff, 0xff, 0xff,
    0xff, 0xff, 0xff, 0xff, 0xa7, 0x4, 0x0, 0x0,
    0x0, 0x0, 0x0, 0x10, 0x7f, 0xcc, 0xee, 0xf9,
    0xe4, 0xad, 0x4c, 0x0, 0x0, 0x0, 0x0,

    /* U+0031 "1" */
    0x40, 0xff, 0xff, 0xff, 0xff, 0xff, 0xff, 0x88,
    0x40, 0xff, 0xff, 0xff, 0xff, 0xff, 0xff, 0x88,
    0x40, 0xff, 0xff, 0xff, 0xff, 0xff, 0xff, 0x88,
    0xa, 0x28, 0x28, 0x35, 0xff, 0xff, 0xff, 0x88,
    0x0, 0x0, 0x0, 0x10, 0xff, 0xff, 0xff, 0x88,
    0x0, 0x0, 0x0, 0x10, 0xff, 0xff, 0xff, 0x88,
    0x0, 0x0, 0x0, 0x10, 0xff, 0xff, 0xff, 0x88,
    0x0, 0x0, 0x0, 0x10, 0xff, 0xff, 0xff, 0x88,
    0x0, 0x0, 0x0, 0x10, 0xff, 0xff, 0xff, 0x88,
    0x0, 0x0, 0x0, 0x10, 0xff, 0xff, 0xff, 0x88,
    0x0, 0x0, 0x0, 0x10, 0xff, 0xff, 0xff, 0x88,
    0x0, 0x0, 0x0, 0x10, 0xff, 0xff, 0xff, 0x88,
    0x0, 0x0, 0x0, 0x10, 0xff, 0xff, 0xff, 0x88,
    0x0, 0x0, 0x0, 0x10, 0xff, 0xff, 0xff, 0x88,
    0x0, 0x0, 0x0, 0x10, 0xff, 0xff, 0xff, 0x88,
    0x0, 0x0, 0x0, 0x10, 0xff, 0xff, 0xff, 0x88,
    0x0, 0x0, 0x0, 0x10, 0xff, 0xff, 0xff, 0x88,

    /* U+0032 "2" */
    0x0, 0x0, 0xc, 0x6d, 0xc7, 0xe9, 0xf9, 0xdb,
    0x8d, 0x19, 0x0, 0x0, 0x0, 0x0, 0x24, 0xd9,
    0xff, 0xff, 0xff, 0xff, 0xff, 0xff, 0xed, 0x3d,
    0x0, 0x0, 0x18, 0xe6, 0xff, 0xff, 0xff, 0xff,
    0xff, 0xff, 0xff, 0xff, 0xee, 0x15, 0x0, 0x9f,
    0xff, 0xff, 0xff, 0xcd, 0x51, 0x43, 0xc2, 0xff,
    0xff, 0xff, 0x77, 0x0, 0x7, 0x7a, 0xf4, 0xc6,
    0xa, 0x0, 0x0, 0x15, 0xfe, 0xff, 0xff, 0xa9,
    0x0, 0x0, 0x0, 0x1c, 0x1b, 0x0, 0x0, 0x0,
    0x4, 0xf9, 0xff, 0xff, 0xa9, 0x0, 0x0, 0x0,
    0x0, 0x0, 0x0, 0x0, 0x0, 0x5e, 0xff, 0xff,
    0xff, 0x79, 0x0, 0x0, 0x0, 0x0, 0x0, 0x0,
    0x0, 0x26, 0xef, 0xff, 0xff, 0xf6, 0x1a, 0x0,
    0x0, 0x0, 0x0, 0x0, 0x0, 0x1b, 0xdf, 0xff,
    0xff, 0xff, 0x6c, 0x0, 0x0, 0x0, 0x0, 0x0,
    0x0, 0x17, 0xd7, 0xff, 0xff, 0xff, 0x9a, 0x0,
    0x0, 0x0, 0x0, 0x0, 0x0, 0x15, 0xd5, 0xff,
    0xff, 0xff, 0xab, 0x3, 0x0, 0x0, 0x0, 0x0,
    0x0, 0x14, 0xd2, 0xff, 0xff, 0xff, 0xb1, 0x5,
    0x0, 0x0, 0x0, 0x0, 0x0, 0x12, 0xd0, 0xff,
    0xff, 0xff, 0xb5, 0x6, 0x0, 0x0, 0x0, 0x0,
    0x0, 0x11, 0xce, 0xff, 0xff, 0xff, 0xea, 0x5c,
    0x54, 0x54, 0x54, 0x54, 0x54, 0x12, 0x94, 0xff,
    0xff, 0xff, 0xff, 0xff, 0xff, 0xff, 0xff, 0xff,
    0xff, 0xff, 0x38, 0x9c, 0xff, 0xff, 0xff, 0xff,
    0xff, 0xff, 0xff, 0xff, 0xff, 0xff, 0xff, 0x38,
    0x9c, 0xff, 0xff, 0xff, 0xff, 0xff, 0xff, 0xff,
    0xff, 0xff, 0xff, 0xff, 0x38,

    /* U+0033 "3" */
    0x0, 0x34, 0xff, 0xff, 0xff, 0xff, 0xff, 0xff,
    0xff, 0xff, 0xff, 0xff, 0x14, 0x0, 0x34, 0xff,
    0xff, 0xff, 0xff, 0xff, 0xff, 0xff, 0xff, 0xff,
    0xff, 0x14, 0x0, 0x34, 0xff, 0xff, 0xff, 0xff,
    0xff, 0xff, 0xff, 0xff, 0xff, 0xf2, 0xc, 0x0,
    0x8, 0x28, 0x28, 0x28, 0x28, 0x67, 0xff, 0xff,
    0xff, 0xfb, 0x47, 0x0, 0x0, 0x0, 0x0, 0x0,
    0x0, 0x24, 0xed, 0xff, 0xff, 0xff, 0x63, 0x0,
    0x0, 0x0, 0x0, 0x0, 0x0, 0x10, 0xd8, 0xff,
    0xff, 0xff, 0x83, 0x0, 0x0, 0x0, 0x0, 0x0,
    0x0, 0x4, 0xbb, 0xff, 0xff, 0xff, 0xe9, 0x47,
    0x2, 0x0, 0x0, 0x0, 0x0, 0x0, 0x28, 0xff,
    0xff, 0xff, 0xff, 0xff, 0xff, 0xd3, 0x27, 0x0,
    0x0, 0x0, 0x0, 0x28, 0xff, 0xff, 0xff, 0xff,
    0xff, 0xff, 0xff, 0xe2, 0x10, 0x0, 0x0, 0x0,
    0x1d, 0x98, 0x62, 0x5d, 0x8b, 0xf0, 0xff, 0xff,
    0xff, 0x7e, 0x0, 0x0, 0x0, 0x0, 0x0, 0x0,
    0x0, 0x0, 0x2d, 0xfa, 0xff, 0xff, 0xc4, 0x0,
    0x0, 0x0, 0x0, 0x0, 0x0, 0x0, 0x0, 0x0,
    0xd2, 0xff, 0xff, 0xd5, 0x0, 0x1, 0xa6, 0x3c,
    0x0, 0x0, 0x0, 0x0, 0x10, 0xf1, 0xff, 0xff,
    0xbc, 0x0, 0x56, 0xff, 0xff, 0xbd, 0x67, 0x43,
    0x5d, 0xcf, 0xff, 0xff, 0xff, 0x75, 0x3, 0xd7,
    0xff, 0xff, 0xff, 0xff, 0xff, 0xff, 0xff, 0xff,
    0xff, 0xe0, 0xc, 0x3, 0x6f, 0xf0, 0xff, 0xff,
    0xff, 0xff, 0xff, 0xff, 0xff, 0xd9, 0x26, 0x0,
    0x0, 0x0, 0xd, 0x6b, 0xb9, 0xe9, 0xfb, 0xed,
    0xc0, 0x6c, 0x9, 0x0, 0x0,

    /* U+0034 "4" */
    0x0, 0x0, 0x0, 0x0, 0x0, 0x0, 0x74, 0xff,
    0xff, 0xff, 0xa1, 0x0, 0x0, 0x0, 0x0, 0x0,
    0x0, 0x0, 0x0, 0x18, 0xf1, 0xff, 0xff, 0xf3,
    0x19, 0x0, 0x0, 0x0, 0x0, 0x0, 0x0, 0x0,
    0x0, 0xa1, 0xff, 0xff, 0xff, 0x78, 0x0, 0x0,
    0x0, 0x0, 0x0, 0x0, 0x0, 0x0, 0x38, 0xfe,
    0xff, 0xff, 0xdc, 0x7, 0x0, 0x0, 0x0, 0x0,
    0x0, 0x0, 0x0, 0x2, 0xcb, 0xff, 0xff, 0xff,
    0x4e, 0x0, 0x0, 0x0, 0x0, 0x0, 0x0, 0x0,
    0x0, 0x65, 0xff, 0xff, 0xff, 0xba, 0x0, 0x0,
    0x0, 0x0, 0x0, 0x0, 0x0, 0x0, 0x10, 0xea,
    0xff, 0xff, 0xfb, 0x32, 0x14, 0x14, 0x14, 0x4,
    0x0, 0x0, 0x0, 0x0, 0x92, 0xff, 0xff, 0xff,
    0x91, 0x64, 0xff, 0xff, 0xff, 0x34, 0x0, 0x0,
    0x0, 0x2c, 0xfb, 0xff, 0xff, 0xeb, 0x11, 0x64,
    0xff, 0xff, 0xff, 0x34, 0x0, 0x0, 0x0, 0xbe,
    0xff, 0xff, 0xff, 0x92, 0x34, 0x83, 0xff, 0xff,
    0xff, 0x5d, 0x34, 0x5, 0x21, 0xff, 0xff, 0xff,
    0xff, 0xff, 0xff, 0xff, 0xff, 0xff, 0xff, 0xff,
    0xff, 0x1c, 0x24, 0xff, 0xff, 0xff, 0xff, 0xff,
    0xff, 0xff, 0xff, 0xff, 0xff, 0xff, 0xff, 0x1c,
    0x24, 0xff, 0xff, 0xff, 0xff, 0xff, 0xff, 0xff,
    0xff, 0xff, 0xff, 0xff, 0xff, 0x1c, 0x0, 0x0,
    0x0, 0x0, 0x0, 0x0, 0x0, 0x64, 0xff, 0xff,
    0xff, 0x34, 0x0, 0x0, 0x0, 0x0, 0x0, 0x0,
    0x0, 0x0, 0x0, 0x64, 0xff, 0xff, 0xff, 0x34,
    0x0, 0x0, 0x0, 0x0, 0x0, 0x0, 0x0, 0x0,
    0x0, 0x64, 0xff, 0xff, 0xff, 0x34, 0x0, 0x0,
    0x0, 0x0, 0x0, 0x0, 0x0, 0x0, 0x0, 0x64,
    0xff, 0xff, 0xff, 0x34, 0x0, 0x0,

    /* U+0035 "5" */
    0x0, 0xfc, 0xff, 0xff, 0xff, 0xff, 0xff, 0xff,
    0xff, 0xff, 0xff, 0x24, 0x0, 0x0, 0xfc, 0xff,
    0xff, 0xff, 0xff, 0xff, 0xff, 0xff, 0xff, 0xff,
    0x24, 0x0, 0x0, 0xfc, 0xff, 0xff, 0xff, 0xff,
    0xff, 0xff, 0xff, 0xff, 0xff, 0x24, 0x0, 0x0,
    0xfc, 0xff, 0xff, 0x9d, 0x34, 0x34, 0x34, 0x34,
    0x34, 0x34, 0x7, 0x0, 0x0, 0xfc, 0xff, 0xff,
    0x84, 0x0, 0x0, 0x0, 0x0, 0x0, 0x0, 0x0,
    0x0, 0x0, 0xfc, 0xff, 0xff, 0x84, 0x0, 0x0,
    0x0, 0x0, 0x0, 0x0, 0x0, 0x0, 0x0, 0xfc,
    0xff, 0xff, 0xe8, 0xe7, 0xf8, 0xdd, 0x99, 0x28,
    0x0, 0x0, 0x0, 0x0, 0xfc, 0xff, 0xff, 0xff,
    0xff, 0xff, 0xff, 0xff, 0xf9, 0x69, 0x0, 0x0,
    0x0, 0xc5, 0xff, 0xff, 0xff, 0xff, 0xff, 0xff,
    0xff, 0xff, 0xff, 0x4f, 0x0, 0x0, 0x10, 0xc5,
    0x98, 0x43, 0x21, 0x3e, 0xb3, 0xff, 0xff, 0xff,
    0xd2, 0x0, 0x0, 0x0, 0x0, 0x0, 0x0, 0x0,
    0x0, 0x3, 0xd3, 0xff, 0xff, 0xff, 0x11, 0x0,
    0x0, 0x8, 0x0, 0x0, 0x0, 0x0, 0x0, 0xa5,
    0xff, 0xff, 0xff, 0x21, 0x0, 0x5c, 0xcf, 0x2a,
    0x0, 0x0, 0x0, 0xb, 0xdf, 0xff, 0xff, 0xfb,
    0xa, 0x24, 0xf2, 0xff, 0xfb, 0xa9, 0x66, 0x6e,
    0xd1, 0xff, 0xff, 0xff, 0xb6, 0x0, 0x9a, 0xff,
    0xff, 0xff, 0xff, 0xff, 0xff, 0xff, 0xff, 0xff,
    0xf5, 0x2d, 0x0, 0x9, 0xa6, 0xff, 0xff, 0xff,
    0xff, 0xff, 0xff, 0xff, 0xeb, 0x42, 0x0, 0x0,
    0x0, 0x0, 0x3c, 0x9f, 0xde, 0xf7, 0xf4, 0xcf,
    0x81, 0x15, 0x0, 0x0, 0x0,

    /* U+0036 "6" */
    0x0, 0x0, 0x0, 0x7, 0x6d, 0xc4, 0xef, 0xf9,
    0xde, 0x9f, 0x3e, 0x0, 0x0, 0x0, 0x0, 0x22,
    0xd6, 0xff, 0xff, 0xff, 0xff, 0xff, 0xff, 0xff,
    0xa9, 0x10, 0x0, 0x10, 0xdf, 0xff, 0xff, 0xff,
    0xff, 0xff, 0xff, 0xff, 0xff, 0xe8, 0x15, 0x0,
    0x93, 0xff, 0xff, 0xff, 0xd5, 0x5e, 0x39, 0x5c,
    0xc1, 0xff, 0x4a, 0x0, 0xd, 0xf4, 0xff, 0xff,
    0xdc, 0xa, 0x0, 0x0, 0x0, 0x0, 0x3a, 0x0,
    0x0, 0x49, 0xff, 0xff, 0xff, 0x61, 0x0, 0x4,
    0x18, 0x6, 0x0, 0x0, 0x0, 0x0, 0x7e, 0xff,
    0xff, 0xff, 0x77, 0xc8, 0xfb, 0xff, 0xf9, 0xb7,
    0x35, 0x0, 0x0, 0x95, 0xff, 0xff, 0xff, 0xff,
    0xff, 0xff, 0xff, 0xff, 0xff, 0xfa, 0x58, 0x0,
    0xa4, 0xff, 0xff, 0xff, 0xff, 0xff, 0xff, 0xff,
    0xff, 0xff, 0xff, 0xf7, 0x20, 0x9d, 0xff, 0xff,
    0xff, 0xfd, 0x72, 0x14, 0x17, 0x90, 0xff, 0xff,
    0xff, 0x89, 0x87, 0xff, 0xff, 0xff, 0x97, 0x0,
    0x0, 0x0, 0x1, 0xcf, 0xff, 0xff, 0xc2, 0x5a,
    0xff, 0xff, 0xff, 0x6c, 0x0, 0x0, 0x0, 0x0,
    0x9f, 0xff, 0xff, 0xd2, 0x17, 0xfd, 0xff, 0xff,
    0xb2, 0x0, 0x0, 0x0, 0x3, 0xd3, 0xff, 0xff,
    0xbc, 0x0, 0xb4, 0xff, 0xff, 0xff, 0x95, 0x2f,
    0x36, 0xac, 0xff, 0xff, 0xff, 0x78, 0x0, 0x30,
    0xf8, 0xff, 0xff, 0xff, 0xff, 0xff, 0xff, 0xff,
    0xff, 0xe7, 0xf, 0x0, 0x0, 0x57, 0xf6, 0xff,
    0xff, 0xff, 0xff, 0xff, 0xff, 0xe4, 0x30, 0x0,
    0x0, 0x0, 0x0, 0x25, 0x92, 0xda, 0xf5, 0xf4,
    0xcf, 0x7f, 0x11, 0x0, 0x0,

    /* U+0037 "7" */
    0xe0, 0xff, 0xff, 0xff, 0xff, 0xff, 0xff, 0xff,
    0xff, 0xff, 0xff, 0xff, 0x40, 0xe0, 0xff, 0xff,
    0xff, 0xff, 0xff, 0xff, 0xff, 0xff, 0xff, 0xff,
    0xff, 0x40, 0xe0, 0xff, 0xff, 0xff, 0xff, 0xff,
    0xff, 0xff, 0xff, 0xff, 0xff, 0xff, 0x3d, 0xe0,
    0xff, 0xff, 0xb0, 0x2c, 0x2c, 0x2c, 0x73, 0xff,
    0xff, 0xff, 0xe3, 0x6, 0xe0, 0xff, 0xff, 0xa0,
    0x0, 0x0, 0x0, 0xc4, 0xff, 0xff, 0xff, 0x6f,
    0x0, 0x54, 0x60, 0x60, 0x3c, 0x0, 0x0, 0x3b,
    0xff, 0xff, 0xff, 0xea, 0xa, 0x0, 0x0, 0x0,
    0x0, 0x0, 0x0, 0x0, 0xb4, 0xff, 0xff, 0xff,
    0x7a, 0x0, 0x0, 0x0, 0x0, 0x0, 0x0, 0x0,
    0x2c, 0xfe, 0xff, 0xff, 0xf0, 0xf, 0x0, 0x0,
    0x0, 0x0, 0x0, 0x0, 0x0, 0xa4, 0xff, 0xff,
    0xff, 0x85, 0x0, 0x0, 0x0, 0x0, 0x0, 0x0,
    0x0, 0x1f, 0xfb, 0xff, 0xff, 0xf5, 0x15, 0x0,
    0x0, 0x0, 0x0, 0x0, 0x0, 0x0, 0x94, 0xff,
    0xff, 0xff, 0x90, 0x0, 0x0, 0x0, 0x0, 0x0,
    0x0, 0x0, 0x15, 0xf6, 0xff, 0xff, 0xf9, 0x1c,
    0x0, 0x0, 0x0, 0x0, 0x0, 0x0, 0x0, 0x84,
    0xff, 0xff, 0xff, 0x9b, 0x0, 0x0, 0x0, 0x0,
    0x0, 0x0, 0x0, 0xd, 0xee, 0xff, 0xff, 0xfc,
    0x24, 0x0, 0x0, 0x0, 0x0, 0x0, 0x0, 0x0,
    0x74, 0xff, 0xff, 0xff, 0xa6, 0x0, 0x0, 0x0,
    0x0, 0x0, 0x0, 0x0, 0x6, 0xe5, 0xff, 0xff,
    0xfe, 0x2d, 0x0, 0x0, 0x0, 0x0, 0x0, 0x0,
    0x0, 0x64, 0xff, 0xff, 0xff, 0xb1, 0x0, 0x0,
    0x0, 0x0, 0x0, 0x0, 0x0,

    /* U+0038 "8" */
    0x0, 0x0, 0x0, 0x41, 0xaa, 0xe4, 0xfa, 0xf0,
    0xc6, 0x72, 0x9, 0x0, 0x0, 0x0, 0x0, 0x2,
    0x97, 0xff, 0xff, 0xff, 0xff, 0xff, 0xff, 0xff,
    0xda, 0x23, 0x0, 0x0, 0x0, 0x7d, 0xff, 0xff,
    0xff, 0xff, 0xec, 0xfb, 0xff, 0xff, 0xff, 0xd9,
    0x7, 0x0, 0x3, 0xee, 0xff, 0xff, 0xef, 0x3b,
    0x0, 0x11, 0xb2, 0xff, 0xff, 0xff, 0x54, 0x0,
    0x19, 0xff, 0xff, 0xff, 0x84, 0x0, 0x0, 0x0,
    0x1c, 0xff, 0xff, 0xff, 0x7c, 0x0, 0x8, 0xfa,
    0xff, 0xff, 0x8f, 0x0, 0x0, 0x0, 0x27, 0xff,
    0xff, 0xff, 0x68, 0x0, 0x0, 0xad, 0xff, 0xff,
    0xf8, 0x5e, 0xc, 0x2e, 0xca, 0xff, 0xff, 0xf8,
    0x1c, 0x0, 0x0, 0x1f, 0xe8, 0xff, 0xff, 0xff,
    0xff, 0xff, 0xff, 0xff, 0xff, 0x72, 0x0, 0x0,
    0x0, 0x3c, 0xef, 0xff, 0xff, 0xff, 0xff, 0xff,
    0xff, 0xff, 0xff, 0x95, 0x0, 0x0, 0x13, 0xea,
    0xff, 0xff, 0xff, 0xfe, 0xe6, 0xf6, 0xff, 0xff,
    0xff, 0xff, 0x66, 0x0, 0x73, 0xff, 0xff, 0xff,
    0xbb, 0x1d, 0x0, 0x5, 0x6d, 0xfd, 0xff, 0xff,
    0xda, 0x0, 0xa6, 0xff, 0xff, 0xff, 0x24, 0x0,
    0x0, 0x0, 0x0, 0xb9, 0xff, 0xff, 0xff, 0xc,
    0xa6, 0xff, 0xff, 0xff, 0x34, 0x0, 0x0, 0x0,
    0x0, 0xc9, 0xff, 0xff, 0xff, 0xe, 0x6c, 0xff,
    0xff, 0xff, 0xdd, 0x55, 0x21, 0x37, 0xa4, 0xff,
    0xff, 0xff, 0xd3, 0x0, 0xa, 0xdb, 0xff, 0xff,
    0xff, 0xff, 0xff, 0xff, 0xff, 0xff, 0xff, 0xfe,
    0x4c, 0x0, 0x0, 0x20, 0xd3, 0xff, 0xff, 0xff,
    0xff, 0xff, 0xff, 0xff, 0xf6, 0x61, 0x0, 0x0,
    0x0, 0x0, 0x6, 0x63, 0xb9, 0xe9, 0xfb, 0xf3,
    0xd0, 0x8b, 0x20, 0x0, 0x0, 0x0,

    /* U+0039 "9" */
    0x0, 0x0, 0xb, 0x74, 0xc8, 0xf1, 0xf7, 0xdd,
    0x9a, 0x2f, 0x0, 0x0, 0x0, 0x0, 0x23, 0xd9,
    0xff, 0xff, 0xff, 0xff, 0xff, 0xff, 0xfa, 0x6b,
    0x0, 0x0, 0x7, 0xd9, 0xff, 0xff, 0xff, 0xff,
    0xff, 0xff, 0xff, 0xff, 0xfe, 0x46, 0x0, 0x64,
    0xff, 0xff, 0xff, 0xc2, 0x41, 0x30, 0x87, 0xfe,
    0xff, 0xff, 0xcf, 0x0, 0xa6, 0xff, 0xff, 0xef,
    0xe, 0x0, 0x0, 0x0, 0x99, 0xff, 0xff, 0xff,
    0x2f, 0xba, 0xff, 0xff, 0xcb, 0x0, 0x0, 0x0,
    0x0, 0x55, 0xff, 0xff, 0xff, 0x73, 0xa8, 0xff,
    0xff, 0xf2, 0x11, 0x0, 0x0, 0x0, 0x88, 0xff,
    0xff, 0xff, 0x9e, 0x6b, 0xff, 0xff, 0xff, 0xc4,
    0x44, 0x36, 0x83, 0xfc, 0xff, 0xff, 0xff, 0xb3,
    0xc, 0xe6, 0xff, 0xff, 0xff, 0xff, 0xff, 0xff,
    0xff, 0xff, 0xff, 0xff, 0xbb, 0x0, 0x36, 0xeb,
    0xff, 0xff, 0xff, 0xff, 0xff, 0xff, 0xff, 0xff,
    0xff, 0xac, 0x0, 0x0, 0x1a, 0x90, 0xdc, 0xf9,
    0xef, 0xb6, 0x5c, 0xfe, 0xff, 0xff, 0x96, 0x0,
    0x0, 0x0, 0x0, 0x0, 0x0, 0x0, 0x0, 0x51,
    0xff, 0xff, 0xff, 0x60, 0x0, 0x0, 0x3e, 0x6,
    0x0, 0x0, 0x0, 0x5, 0xd1, 0xff, 0xff, 0xfc,
    0x1d, 0x0, 0x2c, 0xf7, 0xdb, 0x6c, 0x37, 0x4f,
    0xc2, 0xff, 0xff, 0xff, 0xac, 0x0, 0x7, 0xd2,
    0xff, 0xff, 0xff, 0xff, 0xff, 0xff, 0xff, 0xff,
    0xec, 0x1d, 0x0, 0xb, 0x9e, 0xff, 0xff, 0xff,
    0xff, 0xff, 0xff, 0xff, 0xe2, 0x31, 0x0, 0x0,
    0x0, 0x0, 0x37, 0x9a, 0xda, 0xf8, 0xf2, 0xcb,
    0x78, 0xc, 0x0, 0x0, 0x0,

    /* U+003A ":" */
    0x0, 0x1, 0x21, 0xb, 0x0, 0x5, 0xbd, 0xff,
    0xf1, 0x41, 0x4f, 0xff, 0xff, 0xff, 0xbf, 0x42,
    0xff, 0xff, 0xff, 0xb2, 0x0, 0x8e, 0xf1, 0xcd,
    0x27, 0x0, 0x0, 0x0, 0x0, 0x0, 0x0, 0x1,
    0x21, 0xb, 0x0, 0x5, 0xbd, 0xff, 0xf1, 0x41,
    0x4f, 0xff, 0xff, 0xff, 0xbe, 0x43, 0xff, 0xff,
    0xff, 0xb3, 0x0, 0x91, 0xf2, 0xce, 0x29,

    /* U+003B ";" */
    0x0, 0x8e, 0xf1, 0xcd, 0x27, 0x0, 0x42, 0xff,
    0xff, 0xff, 0xb2, 0x0, 0x4f, 0xff, 0xff, 0xff,
    0xbf, 0x0, 0x5, 0xbd, 0xff, 0xf1, 0x41, 0x0,
    0x0, 0x1, 0x21, 0xc, 0x0, 0x0, 0x0, 0x0,
    0x0, 0x0, 0x0, 0x0, 0x0, 0xb, 0x4f, 0x3c,
    0x0, 0x0, 0xe, 0xda, 0xff, 0xff, 0x9a, 0x0,
    0x54, 0xff, 0xff, 0xff, 0xfe, 0x7, 0x30, 0xfd,
    0xff, 0xff, 0xda, 0x0, 0x0, 0xaa, 0xff, 0xff,
    0x62, 0x0, 0x4, 0xeb, 0xff, 0xc9, 0x2, 0x0,
    0x4b, 0xff, 0xfd, 0x33, 0x0, 0x0,

    /* U+003C "<" */
    0x0, 0x0, 0x0, 0x0, 0x0, 0x0, 0x0, 0x0,
    0x0, 0x0, 0x0, 0x6, 0x31, 0x0, 0x0, 0x0,
    0x0, 0x0, 0x0, 0x0, 0x0, 0x0, 0xc, 0x73,
    0xe4, 0xa4, 0x0, 0x0, 0x0, 0x0, 0x0, 0x0,
    0x0, 0x15, 0x83, 0xee, 0xff, 0xff, 0xa4, 0x0,
    0x0, 0x0, 0x0, 0x0, 0x20, 0x94, 0xf6, 0xff,
    0xff, 0xff, 0xff, 0xa4, 0x0, 0x0, 0x0, 0x2e,
    0xa4, 0xfb, 0xff, 0xff, 0xff, 0xff, 0xf4, 0x91,
    0x1f, 0x0, 0x3d, 0xb5, 0xff, 0xff, 0xff, 0xff,
    0xff, 0xe8, 0x7b, 0x11, 0x0, 0x0, 0x4, 0xff,
    0xff, 0xff, 0xff, 0xff, 0xd8, 0x65, 0x7, 0x0,
    0x0, 0x0, 0x0, 0x4, 0xff, 0xff, 0xff, 0xff,
    0x7b, 0x1, 0x0, 0x0, 0x0, 0x0, 0x0, 0x0,
    0x4, 0xff, 0xff, 0xff, 0xff, 0xfe, 0xb4, 0x3c,
    0x0, 0x0, 0x0, 0x0, 0x0, 0x1, 0x7e, 0xeb,
    0xff, 0xff, 0xff, 0xff, 0xff, 0xc4, 0x4c, 0x1,
    0x0, 0x0, 0x0, 0x0, 0xa, 0x6d, 0xe0, 0xff,
    0xff, 0xff, 0xff, 0xff, 0xd3, 0x5c, 0x4, 0x0,
    0x0, 0x0, 0x0, 0x4, 0x5b, 0xd1, 0xff, 0xff,
    0xff, 0xff, 0xff, 0x9b, 0x0, 0x0, 0x0, 0x0,
    0x0, 0x0, 0x0, 0x4a, 0xc2, 0xff, 0xff, 0xff,
    0xa4, 0x0, 0x0, 0x0, 0x0, 0x0, 0x0, 0x0,
    0x0, 0x0, 0x39, 0xb1, 0xfe, 0xa4, 0x0, 0x0,
    0x0, 0x0, 0x0, 0x0, 0x0, 0x0, 0x0, 0x0,
    0x0, 0x29, 0x58,

    /* U+003D "=" */
    0xcc, 0xff, 0xff, 0xff, 0xff, 0xff, 0xff, 0xff,
    0xff, 0xff, 0xff, 0xe4, 0xcc, 0xff, 0xff, 0xff,
    0xff, 0xff, 0xff, 0xff, 0xff, 0xff, 0xff, 0xe4,
    0xbc, 0xec, 0xec, 0xec, 0xec, 0xec, 0xec, 0xec,
    0xec, 0xec, 0xec, 0xd2, 0x0, 0x0, 0x0, 0x0,
    0x0, 0x0, 0x0, 0x0, 0x0, 0x0, 0x0, 0x0,
    0x0, 0x0, 0x0, 0x0, 0x0, 0x0, 0x0, 0x0,
    0x0, 0x0, 0x0, 0x0, 0x0, 0x0, 0x0, 0x0,
    0x0, 0x0, 0x0, 0x0, 0x0, 0x0, 0x0, 0x0,
    0xcc, 0xff, 0xff, 0xff, 0xff, 0xff, 0xff, 0xff,
    0xff, 0xff, 0xff, 0xe4, 0xcc, 0xff, 0xff, 0xff,
    0xff, 0xff, 0xff, 0xff, 0xff, 0xff, 0xff, 0xe4,
    0xbc, 0xec, 0xec, 0xec, 0xec, 0xec, 0xec, 0xec,
    0xec, 0xec, 0xec, 0xd2,

    /* U+003E ">" */
    0x16, 0x21, 0x0, 0x0, 0x0, 0x0, 0x0, 0x0,
    0x0, 0x0, 0x0, 0x0, 0x0, 0x38, 0xfc, 0xa6,
    0x2e, 0x0, 0x0, 0x0, 0x0, 0x0, 0x0, 0x0,
    0x0, 0x0, 0x38, 0xff, 0xff, 0xff, 0xb6, 0x3e,
    0x0, 0x0, 0x0, 0x0, 0x0, 0x0, 0x0, 0x38,
    0xff, 0xff, 0xff, 0xff, 0xff, 0xc6, 0x4f, 0x1,
    0x0, 0x0, 0x0, 0x0, 0x5, 0x60, 0xd4, 0xff,
    0xff, 0xff, 0xff, 0xff, 0xd5, 0x5f, 0x5, 0x0,
    0x0, 0x0, 0x0, 0x1, 0x4a, 0xbf, 0xff, 0xff,
    0xff, 0xff, 0xff, 0xe2, 0x70, 0xb, 0x0, 0x0,
    0x0, 0x0, 0x0, 0x33, 0xa8, 0xfc, 0xff, 0xff,
    0xff, 0xff, 0x70, 0x0, 0x0, 0x0, 0x0, 0x0,
    0x0, 0x0, 0x2d, 0xe4, 0xff, 0xff, 0xff, 0x70,
    0x0, 0x0, 0x0, 0x0, 0x0, 0x14, 0x81, 0xed,
    0xff, 0xff, 0xff, 0xff, 0x70, 0x0, 0x0, 0x0,
    0x1e, 0x92, 0xf5, 0xff, 0xff, 0xff, 0xff, 0xfe,
    0xb0, 0x27, 0x0, 0x2b, 0xa2, 0xfb, 0xff, 0xff,
    0xff, 0xff, 0xfa, 0x9f, 0x29, 0x0, 0x0, 0x31,
    0xfe, 0xff, 0xff, 0xff, 0xff, 0xf3, 0x8e, 0x1c,
    0x0, 0x0, 0x0, 0x0, 0x38, 0xff, 0xff, 0xff,
    0xea, 0x7d, 0x11, 0x0, 0x0, 0x0, 0x0, 0x0,
    0x0, 0x38, 0xff, 0xdf, 0x6c, 0x9, 0x0, 0x0,
    0x0, 0x0, 0x0, 0x0, 0x0, 0x0, 0x23, 0x5a,
    0x3, 0x0, 0x0, 0x0, 0x0, 0x0, 0x0, 0x0,
    0x0, 0x0, 0x0,

    /* U+003F "?" */
    0x0, 0x0, 0x0, 0x45, 0xb6, 0xed, 0xfa, 0xe1,
    0x9e, 0x26, 0x0, 0x0, 0x0, 0x0, 0x82, 0xff,
    0xff, 0xff, 0xff, 0xff, 0xff, 0xf6, 0x45, 0x0,
    0x0, 0x4f, 0xff, 0xff, 0xff, 0xff, 0xff, 0xff,
    0xff, 0xff, 0xe6, 0x7, 0x0, 0xc9, 0xff, 0xff,
    0xff, 0x72, 0x38, 0xd8, 0xff, 0xff, 0xff, 0x41,
    0xe, 0xfe, 0xff, 0xff, 0xcb, 0x0, 0x0, 0x70,
    0xff, 0xff, 0xff, 0x5a, 0x2, 0x10, 0x10, 0x10,
    0xa, 0x0, 0x0, 0x9f, 0xff, 0xff, 0xff, 0x3d,
    0x0, 0x0, 0x0, 0x0, 0x0, 0x0, 0x7a, 0xff,
    0xff, 0xff, 0xcc, 0x1, 0x0, 0x0, 0x0, 0x0,
    0x0, 0x77, 0xff, 0xff, 0xff, 0xe6, 0x23, 0x0,
    0x0, 0x0, 0x0, 0x0, 0x4b, 0xff, 0xff, 0xff,
    0xe2, 0x24, 0x0, 0x0, 0x0, 0x0, 0x0, 0x0,
    0xa5, 0xff, 0xff, 0xff, 0x2d, 0x0, 0x0, 0x0,
    0x0, 0x0, 0x0, 0x0, 0xb3, 0xff, 0xff, 0xf2,
    0x0, 0x0, 0x0, 0x0, 0x0, 0x0, 0x0, 0x0,
    0xa0, 0xe4, 0xe4, 0xd5, 0x0, 0x0, 0x0, 0x0,
    0x0, 0x0, 0x0, 0x0, 0x0, 0xf, 0x1e, 0x0,
    0x0, 0x0, 0x0, 0x0, 0x0, 0x0, 0x0, 0x0,
    0x56, 0xf8, 0xff, 0xa6, 0x0, 0x0, 0x0, 0x0,
    0x0, 0x0, 0x0, 0x0, 0xdb, 0xff, 0xff, 0xff,
    0x32, 0x0, 0x0, 0x0, 0x0, 0x0, 0x0, 0x0,
    0xcf, 0xff, 0xff, 0xff, 0x28, 0x0, 0x0, 0x0,
    0x0, 0x0, 0x0, 0x0, 0x39, 0xd9, 0xef, 0x7a,
    0x0, 0x0, 0x0, 0x0,

    /* U+0040 "@" */
    0x0, 0x0, 0x0, 0x0, 0x0, 0xb, 0x65, 0xb2,
    0xdf, 0xf6, 0xf1, 0xd9, 0x9e, 0x4e, 0x1, 0x0,
    0x0, 0x0, 0x0, 0x0, 0x0, 0x0, 0x0, 0x0,
    0x60, 0xe7, 0xff, 0xff, 0xef, 0xd3, 0xd4, 0xee,
    0xff, 0xff, 0xce, 0x34, 0x0, 0x0, 0x0, 0x0,
    0x0, 0x0, 0x3, 0x95, 0xff, 0xfe, 0xa3, 0x36,
    0x1, 0x0, 0x0, 0x1, 0x34, 0xa6, 0xfe, 0xf7,
    0x55, 0x0, 0x0, 0x0, 0x0, 0x0, 0x90, 0xff,
    0xf0, 0x45, 0x0, 0x0, 0x0, 0x0, 0x0, 0x0,
    0x0, 0x0, 0x57, 0xf9, 0xf9, 0x3c, 0x0, 0x0,
    0x0, 0x54, 0xff, 0xf8, 0x37, 0x0, 0xc, 0x6c,
    0xa4, 0xa7, 0x5b, 0x18, 0x6c, 0x6c, 0x56, 0x6a,
    0xff, 0xe3, 0x8, 0x0, 0x5, 0xdd, 0xff, 0x70,
    0x0, 0x28, 0xe2, 0xff, 0xff, 0xff, 0xff, 0xd6,
    0xff, 0xff, 0xcc, 0x0, 0xc7, 0xff, 0x71, 0x0,
    0x4c, 0xff, 0xe4, 0x6, 0x9, 0xda, 0xff, 0xff,
    0xff, 0xff, 0xff, 0xff, 0xff, 0xff, 0xcc, 0x0,
    0x58, 0xff, 0xc9, 0x0, 0x97, 0xff, 0x93, 0x0,
    0x65, 0xff, 0xff, 0xf0, 0x4d, 0xd, 0x49, 0xed,
    0xff, 0xff, 0xcc, 0x0, 0x14, 0xff, 0xfd, 0xd,
    0xbd, 0xff, 0x5e, 0x0, 0xad, 0xff, 0xff, 0x7a,
    0x0, 0x0, 0x0, 0x6e, 0xff, 0xff, 0xcc, 0x0,
    0x0, 0xf0, 0xff, 0x27, 0xd1, 0xff, 0x4a, 0x0,
    0xca, 0xff, 0xff, 0x49, 0x0, 0x0, 0x0, 0x3a,
    0xff, 0xff, 0xcc, 0x0, 0x0, 0xe1, 0xff, 0x37,
    0xc6, 0xff, 0x55, 0x0, 0xc0, 0xff, 0xff, 0x6c,
    0x0, 0x0, 0x0, 0x59, 0xff, 0xff, 0xcc, 0x0,
    0x0, 0xf4, 0xff, 0x29, 0xaa, 0xff, 0x79, 0x0,
    0x8d, 0xff, 0xff, 0xdf, 0x1d, 0x0, 0x14, 0xd2,
    0xff, 0xff, 0xcc, 0x0, 0x32, 0xff, 0xf8, 0x5,
    0x6a, 0xff, 0xc3, 0x0, 0x26, 0xfb, 0xff, 0xff,
    0xf5, 0xcd, 0xf2, 0xff, 0xff, 0xff, 0xe7, 0x17,
    0xb6, 0xff, 0xac, 0x0, 0x1a, 0xf8, 0xff, 0x3a,
    0x0, 0x65, 0xfe, 0xff, 0xff, 0xff, 0xff, 0xfd,
    0x8f, 0xff, 0xff, 0xff, 0xff, 0xf7, 0x2c, 0x0,
    0x0, 0x8e, 0xff, 0xd8, 0xf, 0x0, 0x46, 0xcb,
    0xff, 0xff, 0xdd, 0x4e, 0x0, 0x72, 0xf4, 0xff,
    0xdd, 0x44, 0x0, 0x0, 0x0, 0xb, 0xcf, 0xff,
    0xc8, 0x17, 0x0, 0x0, 0xe, 0x15, 0x0, 0x0,
    0x0, 0x69, 0x11, 0x16, 0x1, 0x0, 0x0, 0x0,
    0x0, 0x0, 0x1c, 0xd4, 0xff, 0xeb, 0x71, 0x17,
    0x0, 0x0, 0x0, 0x29, 0xab, 0xff, 0x7a, 0x0,
    0x0, 0x0, 0x0, 0x0, 0x0, 0x0, 0x0, 0xc,
    0x9c, 0xfc, 0xff, 0xfe, 0xe0, 0xcd, 0xe2, 0xff,
    0xff, 0xef, 0x57, 0x0, 0x0, 0x0, 0x0, 0x0,
    0x0, 0x0, 0x0, 0x0, 0x0, 0x27, 0x84, 0xc8,
    0xe9, 0xfa, 0xe9, 0xb9, 0x6d, 0xe, 0x0, 0x0,
    0x0, 0x0, 0x0, 0x0,

    /* U+0041 "A" */
    0x0, 0x0, 0x0, 0x0, 0x0, 0x0, 0x0, 0x1b,
    0xfb, 0xff, 0xff, 0xec, 0x9, 0x0, 0x0, 0x0,
    0x0, 0x0, 0x0, 0x0, 0x0, 0x0, 0x0, 0x0,
    0x0, 0x0, 0x84, 0xff, 0xff, 0xff, 0xff, 0x63,
    0x0, 0x0, 0x0, 0x0, 0x0, 0x0, 0x0, 0x0,
    0x0, 0x0, 0x0, 0x0, 0x7, 0xe9, 0xff, 0xff,
    0xff, 0xff, 0xd0, 0x0, 0x0, 0x0, 0x0, 0x0,
    0x0, 0x0, 0x0, 0x0, 0x0, 0x0, 0x0, 0x5e,
    0xff, 0xff, 0xff, 0xff, 0xff, 0xff, 0x3d, 0x0,
    0x0, 0x0, 0x0, 0x0, 0x0, 0x0, 0x0, 0x0,
    0x0, 0x0, 0xcb, 0xff, 0xff, 0xff, 0xff, 0xff,
    0xff, 0xaa, 0x0, 0x0, 0x0, 0x0, 0x0, 0x0,
    0x0, 0x0, 0x0, 0x0, 0x39, 0xff, 0xff, 0xff,
    0xd0, 0xe3, 0xff, 0xff, 0xfb, 0x1c, 0x0, 0x0,
    0x0, 0x0, 0x0, 0x0, 0x0, 0x0, 0x0, 0xa6,
    0xff, 0xff, 0xff, 0x5f, 0x79, 0xff, 0xff, 0xff,
    0x85, 0x0, 0x0, 0x0, 0x0, 0x0, 0x0, 0x0,
    0x0, 0x18, 0xfa, 0xff, 0xff, 0xe8, 0x6, 0x13,
    0xf6, 0xff, 0xff, 0xea, 0x7, 0x0, 0x0, 0x0,
    0x0, 0x0, 0x0, 0x0, 0x80, 0xff, 0xff, 0xff,
    0x7f, 0x0, 0x0, 0x9b, 0xff, 0xff, 0xff, 0x5f,
    0x0, 0x0, 0x0, 0x0, 0x0, 0x0, 0x5, 0xe7,
    0xff, 0xff, 0xf8, 0x16, 0x0, 0x0, 0x2c, 0xff,
    0xff, 0xff, 0xcc, 0x0, 0x0, 0x0, 0x0, 0x0,
    0x0, 0x5a, 0xff, 0xff, 0xff, 0xff, 0xff, 0xff,
    0xff, 0xff, 0xff, 0xff, 0xff, 0xff, 0x39, 0x0,
    0x0, 0x0, 0x0, 0x0, 0xc8, 0xff, 0xff, 0xff,
    0xff, 0xff, 0xff, 0xff, 0xff, 0xff, 0xff, 0xff,
    0xff, 0xa7, 0x0, 0x0, 0x0, 0x0, 0x34, 0xff,
    0xff, 0xff, 0xff, 0xff, 0xff, 0xff, 0xff, 0xff,
    0xff, 0xff, 0xff, 0xff, 0xfa, 0x19, 0x0, 0x0,
    0x0, 0xa2, 0xff, 0xff, 0xff, 0x72, 0x40, 0x40,
    0x40, 0x40, 0x40, 0x40, 0x8b, 0xff, 0xff, 0xff,
    0x81, 0x0, 0x0, 0x16, 0xf8, 0xff, 0xff, 0xe2,
    0x3, 0x0, 0x0, 0x0, 0x0, 0x0, 0x0, 0x11,
    0xf6, 0xff, 0xff, 0xe8, 0x6, 0x0, 0x7c, 0xff,
    0xff, 0xff, 0x7b, 0x0, 0x0, 0x0, 0x0, 0x0,
    0x0, 0x0, 0x0, 0x9c, 0xff, 0xff, 0xff, 0x5b,
    0x4, 0xe4, 0xff, 0xff, 0xf9, 0x17, 0x0, 0x0,
    0x0, 0x0, 0x0, 0x0, 0x0, 0x0, 0x31, 0xff,
    0xff, 0xff, 0xc9,

    /* U+0042 "B" */
    0xf0, 0xff, 0xff, 0xff, 0xff, 0xff, 0xfe, 0xf0,
    0xd0, 0x8f, 0x25, 0x0, 0x0, 0x0, 0xf0, 0xff,
    0xff, 0xff, 0xff, 0xff, 0xff, 0xff, 0xff, 0xff,
    0xf8, 0x4f, 0x0, 0x0, 0xf0, 0xff, 0xff, 0xff,
    0xff, 0xff, 0xff, 0xff, 0xff, 0xff, 0xff, 0xef,
    0xf, 0x0, 0xf0, 0xff, 0xff, 0xd6, 0x20, 0x21,
    0x31, 0x62, 0xec, 0xff, 0xff, 0xff, 0x5d, 0x0,
    0xf0, 0xff, 0xff, 0xd0, 0x0, 0x0, 0x0, 0x0,
    0x76, 0xff, 0xff, 0xff, 0x7e, 0x0, 0xf0, 0xff,
    0xff, 0xd0, 0x0, 0x0, 0x0, 0x0, 0x6a, 0xff,
    0xff, 0xff, 0x6a, 0x0, 0xf0, 0xff, 0xff, 0xd0,
    0x0, 0x0, 0x0, 0x2c, 0xd2, 0xff, 0xff, 0xfa,
    0x20, 0x0, 0xf0, 0xff, 0xff, 0xfc, 0xec, 0xed,
    0xfb, 0xff, 0xff, 0xff, 0xf9, 0x5e, 0x0, 0x0,
    0xf0, 0xff, 0xff, 0xff, 0xff, 0xff, 0xff, 0xff,
    0xff, 0xff, 0xa1, 0x1d, 0x0, 0x0, 0xf0, 0xff,
    0xff, 0xff, 0xff, 0xff, 0xff, 0xff, 0xff, 0xff,
    0xff, 0xf1, 0x46, 0x0, 0xf0, 0xff, 0xff, 0xd0,
    0x0, 0x0, 0x3, 0x16, 0x51, 0xe9, 0xff, 0xff,
    0xea, 0xf, 0xf0, 0xff, 0xff, 0xd0, 0x0, 0x0,
    0x0, 0x0, 0x0, 0x7f, 0xff, 0xff, 0xff, 0x50,
    0xf0, 0xff, 0xff, 0xd0, 0x0, 0x0, 0x0, 0x0,
    0x0, 0x89, 0xff, 0xff, 0xff, 0x6c, 0xf0, 0xff,
    0xff, 0xd6, 0x24, 0x24, 0x27, 0x39, 0x76, 0xf7,
    0xff, 0xff, 0xff, 0x4a, 0xf0, 0xff, 0xff, 0xff,
    0xff, 0xff, 0xff, 0xff, 0xff, 0xff, 0xff, 0xff,
    0xdf, 0x6, 0xf0, 0xff, 0xff, 0xff, 0xff, 0xff,
    0xff, 0xff, 0xff, 0xff, 0xff, 0xed, 0x37, 0x0,
    0xf0, 0xff, 0xff, 0xff, 0xff, 0xff, 0xff, 0xfd,
    0xf0, 0xcc, 0x88, 0x1b, 0x0, 0x0,

    /* U+0043 "C" */
    0x0, 0x0, 0x0, 0x0, 0x5, 0x60, 0xad, 0xe0,
    0xf7, 0xef, 0xd5, 0x96, 0x40, 0x0, 0x0, 0x0,
    0x0, 0x0, 0x0, 0x43, 0xdf, 0xff, 0xff, 0xff,
    0xff, 0xff, 0xff, 0xff, 0xff, 0xb6, 0x21, 0x0,
    0x0, 0x0, 0x66, 0xfc, 0xff, 0xff, 0xff, 0xff,
    0xff, 0xff, 0xff, 0xff, 0xff, 0xff, 0xe9, 0x30,
    0x0, 0x49, 0xfc, 0xff, 0xff, 0xff, 0xfe, 0xc5,
    0x97, 0x99, 0xc3, 0xfd, 0xff, 0xff, 0xff, 0x6d,
    0x8, 0xe1, 0xff, 0xff, 0xff, 0xce, 0x2c, 0x0,
    0x0, 0x0, 0x0, 0x26, 0xc3, 0xff, 0x87, 0x0,
    0x62, 0xff, 0xff, 0xff, 0xd7, 0xe, 0x0, 0x0,
    0x0, 0x0, 0x0, 0x0, 0x7, 0x6c, 0x0, 0x0,
    0xaf, 0xff, 0xff, 0xff, 0x50, 0x0, 0x0, 0x0,
    0x0, 0x0, 0x0, 0x0, 0x0, 0x0, 0x0, 0x0,
    0xd8, 0xff, 0xff, 0xfe, 0x9, 0x0, 0x0, 0x0,
    0x0, 0x0, 0x0, 0x0, 0x0, 0x0, 0x0, 0x0,
    0xea, 0xff, 0xff, 0xf1, 0x0, 0x0, 0x0, 0x0,
    0x0, 0x0, 0x0, 0x0, 0x0, 0x0, 0x0, 0x0,
    0xdb, 0xff, 0xff, 0xfd, 0x6, 0x0, 0x0, 0x0,
    0x0, 0x0, 0x0, 0x0, 0x0, 0x0, 0x0, 0x0,
    0xb7, 0xff, 0xff, 0xff, 0x47, 0x0, 0x0, 0x0,
    0x0, 0x0, 0x0, 0x0, 0x0, 0x0, 0x0, 0x0,
    0x6d, 0xff, 0xff, 0xff, 0xc9, 0x5, 0x0, 0x0,
    0x0, 0x0, 0x0, 0x0, 0xc, 0x4d, 0x0, 0x0,
    0xf, 0xec, 0xff, 0xff, 0xff, 0xb3, 0x13, 0x0,
    0x0, 0x0, 0x0, 0x29, 0xca, 0xfd, 0x61, 0x0,
    0x0, 0x5f, 0xff, 0xff, 0xff, 0xff, 0xf2, 0xa4,
    0x7f, 0x8a, 0xbd, 0xfc, 0xff, 0xff, 0xfd, 0x58,
    0x0, 0x0, 0x80, 0xff, 0xff, 0xff, 0xff, 0xff,
    0xff, 0xff, 0xff, 0xff, 0xff, 0xff, 0xd7, 0x1c,
    0x0, 0x0, 0x0, 0x57, 0xe9, 0xff, 0xff, 0xff,
    0xff, 0xff, 0xff, 0xff, 0xff, 0xa2, 0x12, 0x0,
    0x0, 0x0, 0x0, 0x0, 0xa, 0x67, 0xb1, 0xe2,
    0xf6, 0xf1, 0xd5, 0x92, 0x35, 0x0, 0x0, 0x0,

    /* U+0044 "D" */
    0xf0, 0xff, 0xff, 0xff, 0xff, 0xff, 0xf6, 0xe5,
    0xc4, 0x8b, 0x33, 0x0, 0x0, 0x0, 0x0, 0x0,
    0xf0, 0xff, 0xff, 0xff, 0xff, 0xff, 0xff, 0xff,
    0xff, 0xff, 0xff, 0xbb, 0x1c, 0x0, 0x0, 0x0,
    0xf0, 0xff, 0xff, 0xff, 0xff, 0xff, 0xff, 0xff,
    0xff, 0xff, 0xff, 0xff, 0xec, 0x29, 0x0, 0x0,
    0xf0, 0xff, 0xff, 0xda, 0x38, 0x38, 0x42, 0x5f,
    0xa2, 0xf8, 0xff, 0xff, 0xff, 0xdf, 0xa, 0x0,
    0xf0, 0xff, 0xff, 0xd0, 0x0, 0x0, 0x0, 0x0,
    0x0, 0x29, 0xe0, 0xff, 0xff, 0xff, 0x78, 0x0,
    0xf0, 0xff, 0xff, 0xd0, 0x0, 0x0, 0x0, 0x0,
    0x0, 0x0, 0x38, 0xff, 0xff, 0xff, 0xd8, 0x0,
    0xf0, 0xff, 0xff, 0xd0, 0x0, 0x0, 0x0, 0x0,
    0x0, 0x0, 0x0, 0xc8, 0xff, 0xff, 0xff, 0x18,
    0xf0, 0xff, 0xff, 0xd0, 0x0, 0x0, 0x0, 0x0,
    0x0, 0x0, 0x0, 0x91, 0xff, 0xff, 0xff, 0x34,
    0xf0, 0xff, 0xff, 0xd0, 0x0, 0x0, 0x0, 0x0,
    0x0, 0x0, 0x0, 0x81, 0xff, 0xff, 0xff, 0x42,
    0xf0, 0xff, 0xff, 0xd0, 0x0, 0x0, 0x0, 0x0,
    0x0, 0x0, 0x0, 0x91, 0xff, 0xff, 0xff, 0x32,
    0xf0, 0xff, 0xff, 0xd0, 0x0, 0x0, 0x0, 0x0,
    0x0, 0x0, 0x0, 0xc6, 0xff, 0xff, 0xfe, 0x13,
    0xf0, 0xff, 0xff, 0xd0, 0x0, 0x0, 0x0, 0x0,
    0x0, 0x0, 0x37, 0xff, 0xff, 0xff, 0xd0, 0x0,
    0xf0, 0xff, 0xff, 0xd0, 0x0, 0x0, 0x0, 0x0,
    0x0, 0x2c, 0xe1, 0xff, 0xff, 0xff, 0x6d, 0x0,
    0xf0, 0xff, 0xff, 0xdd, 0x48, 0x48, 0x4d, 0x66,
    0xa7, 0xfa, 0xff, 0xff, 0xff, 0xd7, 0x7, 0x0,
    0xf0, 0xff, 0xff, 0xff, 0xff, 0xff, 0xff, 0xff,
    0xff, 0xff, 0xff, 0xff, 0xe9, 0x26, 0x0, 0x0,
    0xf0, 0xff, 0xff, 0xff, 0xff, 0xff, 0xff, 0xff,
    0xff, 0xff, 0xff, 0xb9, 0x1a, 0x0, 0x0, 0x0,
    0xf0, 0xff, 0xff, 0xff, 0xff, 0xff, 0xf5, 0xe4,
    0xc1, 0x87, 0x31, 0x0, 0x0, 0x0, 0x0, 0x0,

    /* U+0045 "E" */
    0xf0, 0xff, 0xff, 0xff, 0xff, 0xff, 0xff, 0xff,
    0xff, 0xff, 0xff, 0xff, 0x28, 0xf0, 0xff, 0xff,
    0xff, 0xff, 0xff, 0xff, 0xff, 0xff, 0xff, 0xff,
    0xff, 0x28, 0xf0, 0xff, 0xff, 0xff, 0xff, 0xff,
    0xff, 0xff, 0xff, 0xff, 0xff, 0xff, 0x28, 0xf0,
    0xff, 0xff, 0xde, 0x4c, 0x4c, 0x4c, 0x4c, 0x4c,
    0x4c, 0x4c, 0x4c, 0xb, 0xf0, 0xff, 0xff, 0xd0,
    0x0, 0x0, 0x0, 0x0, 0x0, 0x0, 0x0, 0x0,
    0x0, 0xf0, 0xff, 0xff, 0xd0, 0x0, 0x0, 0x0,
    0x0, 0x0, 0x0, 0x0, 0x0, 0x0, 0xf0, 0xff,
    0xff, 0xd0, 0x0, 0x0, 0x0, 0x0, 0x0, 0x0,
    0x0, 0x0, 0x0, 0xf0, 0xff, 0xff, 0xff, 0xff,
    0xff, 0xff, 0xff, 0xff, 0xff, 0xff, 0x50, 0x0,
    0xf0, 0xff, 0xff, 0xff, 0xff, 0xff, 0xff, 0xff,
    0xff, 0xff, 0xff, 0x50, 0x0, 0xf0, 0xff, 0xff,
    0xff, 0xff, 0xff, 0xff, 0xff, 0xff, 0xff, 0xff,
    0x50, 0x0, 0xf0, 0xff, 0xff, 0xd7, 0x28, 0x28,
    0x28, 0x28, 0x28, 0x28, 0x28, 0xc, 0x0, 0xf0,
    0xff, 0xff, 0xd0, 0x0, 0x0, 0x0, 0x0, 0x0,
    0x0, 0x0, 0x0, 0x0, 0xf0, 0xff, 0xff, 0xd0,
    0x0, 0x0, 0x0, 0x0, 0x0, 0x0, 0x0, 0x0,
    0x0, 0xf0, 0xff, 0xff, 0xdd, 0x48, 0x48, 0x48,
    0x48, 0x48, 0x48, 0x48, 0x48, 0x1e, 0xf0, 0xff,
    0xff, 0xff, 0xff, 0xff, 0xff, 0xff, 0xff, 0xff,
    0xff, 0xff, 0x6c, 0xf0, 0xff, 0xff, 0xff, 0xff,
    0xff, 0xff, 0xff, 0xff, 0xff, 0xff, 0xff, 0x6c,
    0xf0, 0xff, 0xff, 0xff, 0xff, 0xff, 0xff, 0xff,
    0xff, 0xff, 0xff, 0xff, 0x6c,

    /* U+0046 "F" */
    0xf0, 0xff, 0xff, 0xff, 0xff, 0xff, 0xff, 0xff,
    0xff, 0xff, 0xff, 0x94, 0xf0, 0xff, 0xff, 0xff,
    0xff, 0xff, 0xff, 0xff, 0xff, 0xff, 0xff, 0x94,
    0xf0, 0xff, 0xff, 0xff, 0xff, 0xff, 0xff, 0xff,
    0xff, 0xff, 0xff, 0x94, 0xf0, 0xff, 0xff, 0xdc,
    0x40, 0x40, 0x40, 0x40, 0x40, 0x40, 0x40, 0x25,
    0xf0, 0xff, 0xff, 0xd0, 0x0, 0x0, 0x0, 0x0,
    0x0, 0x0, 0x0, 0x0, 0xf0, 0xff, 0xff, 0xd0,
    0x0, 0x0, 0x0, 0x0, 0x0, 0x0, 0x0, 0x0,
    0xf0, 0xff, 0xff, 0xd0, 0x0, 0x0, 0x0, 0x0,
    0x0, 0x0, 0x0, 0x0, 0xf0, 0xff, 0xff, 0xff,
    0xff, 0xff, 0xff, 0xff, 0xff, 0xff, 0xff, 0x34,
    0xf0, 0xff, 0xff, 0xff, 0xff, 0xff, 0xff, 0xff,
    0xff, 0xff, 0xff, 0x34, 0xf0, 0xff, 0xff, 0xff,
    0xff, 0xff, 0xff, 0xff, 0xff, 0xff, 0xff, 0x34,
    0xf0, 0xff, 0xff, 0xdc, 0x40, 0x40, 0x40, 0x40,
    0x40, 0x40, 0x40, 0xd, 0xf0, 0xff, 0xff, 0xd0,
    0x0, 0x0, 0x0, 0x0, 0x0, 0x0, 0x0, 0x0,
    0xf0, 0xff, 0xff, 0xd0, 0x0, 0x0, 0x0, 0x0,
    0x0, 0x0, 0x0, 0x0, 0xf0, 0xff, 0xff, 0xd0,
    0x0, 0x0, 0x0, 0x0, 0x0, 0x0, 0x0, 0x0,
    0xf0, 0xff, 0xff, 0xd0, 0x0, 0x0, 0x0, 0x0,
    0x0, 0x0, 0x0, 0x0, 0xf0, 0xff, 0xff, 0xd0,
    0x0, 0x0, 0x0, 0x0, 0x0, 0x0, 0x0, 0x0,
    0xf0, 0xff, 0xff, 0xd0, 0x0, 0x0, 0x0, 0x0,
    0x0, 0x0, 0x0, 0x0,

    /* U+0047 "G" */
    0x0, 0x0, 0x0, 0x0, 0x4, 0x5d, 0xac, 0xe0,
    0xf7, 0xf1, 0xd7, 0x99, 0x42, 0x0, 0x0, 0x0,
    0x0, 0x0, 0x0, 0x3d, 0xdc, 0xff, 0xff, 0xff,
    0xff, 0xff, 0xff, 0xff, 0xff, 0xc3, 0x24, 0x0,
    0x0, 0x0, 0x5c, 0xfa, 0xff, 0xff, 0xff, 0xff,
    0xff, 0xff, 0xff, 0xff, 0xff, 0xff, 0xdc, 0x3,
    0x0, 0x40, 0xfa, 0xff, 0xff, 0xff, 0xf6, 0xa7,
    0x78, 0x76, 0x9f, 0xef, 0xff, 0xff, 0x4b, 0x0,
    0x4, 0xd9, 0xff, 0xff, 0xff, 0xc4, 0x1b, 0x0,
    0x0, 0x0, 0x0, 0x10, 0x9b, 0x93, 0x0, 0x0,
    0x56, 0xff, 0xff, 0xff, 0xd8, 0xd, 0x0, 0x0,
    0x0, 0x0, 0x0, 0x0, 0x0, 0x2, 0x0, 0x0,
    0xa3, 0xff, 0xff, 0xff, 0x5a, 0x0, 0x0, 0x0,
    0x0, 0x0, 0x0, 0x0, 0x0, 0x0, 0x0, 0x0,
    0xcc, 0xff, 0xff, 0xff, 0x13, 0x0, 0x0, 0x0,
    0x0, 0x0, 0x0, 0x0, 0x0, 0x0, 0x0, 0x0,
    0xde, 0xff, 0xff, 0xfc, 0x0, 0x0, 0x0, 0x0,
    0x0, 0x0, 0x0, 0x6, 0x90, 0x90, 0x90, 0x69,
    0xcf, 0xff, 0xff, 0xff, 0xd, 0x0, 0x0, 0x0,
    0x0, 0x0, 0x0, 0xc, 0xff, 0xff, 0xff, 0xbc,
    0xab, 0xff, 0xff, 0xff, 0x4b, 0x0, 0x0, 0x0,
    0x0, 0x0, 0x0, 0xc, 0xff, 0xff, 0xff, 0xbc,
    0x61, 0xff, 0xff, 0xff, 0xc5, 0x3, 0x0, 0x0,
    0x0, 0x0, 0x0, 0xc, 0xff, 0xff, 0xff, 0xbc,
    0xa, 0xe5, 0xff, 0xff, 0xff, 0xa4, 0x8, 0x0,
    0x0, 0x0, 0x0, 0xd, 0xff, 0xff, 0xff, 0xbc,
    0x0, 0x54, 0xfe, 0xff, 0xff, 0xff, 0xe2, 0x84,
    0x5e, 0x6c, 0x8e, 0xe2, 0xff, 0xff, 0xff, 0xbc,
    0x0, 0x0, 0x75, 0xfe, 0xff, 0xff, 0xff, 0xff,
    0xff, 0xff, 0xff, 0xff, 0xff, 0xff, 0xfe, 0x6b,
    0x0, 0x0, 0x0, 0x51, 0xe7, 0xff, 0xff, 0xff,
    0xff, 0xff, 0xff, 0xff, 0xff, 0xe2, 0x51, 0x0,
    0x0, 0x0, 0x0, 0x0, 0x9, 0x68, 0xb4, 0xe4,
    0xf8, 0xf2, 0xdc, 0xaa, 0x60, 0x7, 0x0, 0x0,

    /* U+0048 "H" */
    0xf0, 0xff, 0xff, 0xd0, 0x0, 0x0, 0x0, 0x0,
    0x0, 0x0, 0x84, 0xff, 0xff, 0xff, 0x38, 0xf0,
    0xff, 0xff, 0xd0, 0x0, 0x0, 0x0, 0x0, 0x0,
    0x0, 0x84, 0xff, 0xff, 0xff, 0x38, 0xf0, 0xff,
    0xff, 0xd0, 0x0, 0x0, 0x0, 0x0, 0x0, 0x0,
    0x84, 0xff, 0xff, 0xff, 0x38, 0xf0, 0xff, 0xff,
    0xd0, 0x0, 0x0, 0x0, 0x0, 0x0, 0x0, 0x84,
    0xff, 0xff, 0xff, 0x38, 0xf0, 0xff, 0xff, 0xd0,
    0x0, 0x0, 0x0, 0x0, 0x0, 0x0, 0x84, 0xff,
    0xff, 0xff, 0x38, 0xf0, 0xff, 0xff, 0xd0, 0x0,
    0x0, 0x0, 0x0, 0x0, 0x0, 0x84, 0xff, 0xff,
    0xff, 0x38, 0xf0, 0xff, 0xff, 0xd0, 0x0, 0x0,
    0x0, 0x0, 0x0, 0x0, 0x84, 0xff, 0xff, 0xff,
    0x38, 0xf0, 0xff, 0xff, 0xff, 0xff, 0xff, 0xff,
    0xff, 0xff, 0xff, 0xff, 0xff, 0xff, 0xff, 0x38,
    0xf0, 0xff, 0xff, 0xff, 0xff, 0xff, 0xff, 0xff,
    0xff, 0xff, 0xff, 0xff, 0xff, 0xff, 0x38, 0xf0,
    0xff, 0xff, 0xff, 0xff, 0xff, 0xff, 0xff, 0xff,
    0xff, 0xff, 0xff, 0xff, 0xff, 0x38, 0xf0, 0xff,
    0xff, 0xd6, 0x24, 0x24, 0x24, 0x24, 0x24, 0x24,
    0x95, 0xff, 0xff, 0xff, 0x38, 0xf0, 0xff, 0xff,
    0xd0, 0x0, 0x0, 0x0, 0x0, 0x0, 0x0, 0x84,
    0xff, 0xff, 0xff, 0x38, 0xf0, 0xff, 0xff, 0xd0,
    0x0, 0x0, 0x0, 0x0, 0x0, 0x0, 0x84, 0xff,
    0xff, 0xff, 0x38, 0xf0, 0xff, 0xff, 0xd0, 0x0,
    0x0, 0x0, 0x0, 0x0, 0x0, 0x84, 0xff, 0xff,
    0xff, 0x38, 0xf0, 0xff, 0xff, 0xd0, 0x0, 0x0,
    0x0, 0x0, 0x0, 0x0, 0x84, 0xff, 0xff, 0xff,
    0x38, 0xf0, 0xff, 0xff, 0xd0, 0x0, 0x0, 0x0,
    0x0, 0x0, 0x0, 0x84, 0xff, 0xff, 0xff, 0x38,
    0xf0, 0xff, 0xff, 0xd0, 0x0, 0x0, 0x0, 0x0,
    0x0, 0x0, 0x84, 0xff, 0xff, 0xff, 0x38,

    /* U+0049 "I" */
    0xf0, 0xff, 0xff, 0xd0, 0xf0, 0xff, 0xff, 0xd0,
    0xf0, 0xff, 0xff, 0xd0, 0xf0, 0xff, 0xff, 0xd0,
    0xf0, 0xff, 0xff, 0xd0, 0xf0, 0xff, 0xff, 0xd0,
    0xf0, 0xff, 0xff, 0xd0, 0xf0, 0xff, 0xff, 0xd0,
    0xf0, 0xff, 0xff, 0xd0, 0xf0, 0xff, 0xff, 0xd0,
    0xf0, 0xff, 0xff, 0xd0, 0xf0, 0xff, 0xff, 0xd0,
    0xf0, 0xff, 0xff, 0xd0, 0xf0, 0xff, 0xff, 0xd0,
    0xf0, 0xff, 0xff, 0xd0, 0xf0, 0xff, 0xff, 0xd0,
    0xf0, 0xff, 0xff, 0xd0,

    /* U+004A "J" */
    0x0, 0x0, 0x50, 0xff, 0xff, 0xff, 0xff, 0xff,
    0xff, 0xff, 0xff, 0x6c, 0x0, 0x0, 0x50, 0xff,
    0xff, 0xff, 0xff, 0xff, 0xff, 0xff, 0xff, 0x6c,
    0x0, 0x0, 0x50, 0xff, 0xff, 0xff, 0xff, 0xff,
    0xff, 0xff, 0xff, 0x6c, 0x0, 0x0, 0xd, 0x2c,
    0x2c, 0x2c, 0x2c, 0x74, 0xff, 0xff, 0xff, 0x6c,
    0x0, 0x0, 0x0, 0x0, 0x0, 0x0, 0x0, 0x58,
    0xff, 0xff, 0xff, 0x6c, 0x0, 0x0, 0x0, 0x0,
    0x0, 0x0, 0x0, 0x58, 0xff, 0xff, 0xff, 0x6c,
    0x0, 0x0, 0x0, 0x0, 0x0, 0x0, 0x0, 0x58,
    0xff, 0xff, 0xff, 0x6c, 0x0, 0x0, 0x0, 0x0,
    0x0, 0x0, 0x0, 0x58, 0xff, 0xff, 0xff, 0x6c,
    0x0, 0x0, 0x0, 0x0, 0x0, 0x0, 0x0, 0x58,
    0xff, 0xff, 0xff, 0x6c, 0x0, 0x0, 0x0, 0x0,
    0x0, 0x0, 0x0, 0x58, 0xff, 0xff, 0xff, 0x6c,
    0x0, 0x0, 0x0, 0x0, 0x0, 0x0, 0x0, 0x58,
    0xff, 0xff, 0xff, 0x6b, 0x0, 0x0, 0x0, 0x0,
    0x0, 0x0, 0x0, 0x63, 0xff, 0xff, 0xff, 0x62,
    0x0, 0x4, 0xb0, 0x32, 0x0, 0x0, 0x0, 0xa2,
    0xff, 0xff, 0xff, 0x49, 0x0, 0x83, 0xff, 0xfa,
    0x9c, 0x62, 0x94, 0xfe, 0xff, 0xff, 0xfa, 0x11,
    0x28, 0xfc, 0xff, 0xff, 0xff, 0xff, 0xff, 0xff,
    0xff, 0xff, 0x9a, 0x0, 0x0, 0x73, 0xf9, 0xff,
    0xff, 0xff, 0xff, 0xff, 0xff, 0xc5, 0xc, 0x0,
    0x0, 0x0, 0x22, 0x8f, 0xd8, 0xf5, 0xf4, 0xca,
    0x6e, 0x5, 0x0, 0x0,

    /* U+004B "K" */
    0xf0, 0xff, 0xff, 0xd0, 0x0, 0x0, 0x0, 0x0,
    0x0, 0x52, 0xfd, 0xff, 0xff, 0xfe, 0x57, 0xf0,
    0xff, 0xff, 0xd0, 0x0, 0x0, 0x0, 0x0, 0x3f,
    0xf8, 0xff, 0xff, 0xff, 0x72, 0x0, 0xf0, 0xff,
    0xff, 0xd0, 0x0, 0x0, 0x0, 0x2f, 0xf0, 0xff,
    0xff, 0xff, 0x8f, 0x0, 0x0, 0xf0, 0xff, 0xff,
    0xd0, 0x0, 0x0, 0x20, 0xe6, 0xff, 0xff, 0xff,
    0xaa, 0x2, 0x0, 0x0, 0xf0, 0xff, 0xff, 0xd0,
    0x0, 0x15, 0xda, 0xff, 0xff, 0xff, 0xc1, 0x7,
    0x0, 0x0, 0x0, 0xf0, 0xff, 0xff, 0xd0, 0xc,
    0xcb, 0xff, 0xff, 0xff, 0xd5, 0x10, 0x0, 0x0,
    0x0, 0x0, 0xf0, 0xff, 0xff, 0xd5, 0xb9, 0xff,
    0xff, 0xff, 0xe5, 0x1d, 0x0, 0x0, 0x0, 0x0,
    0x0, 0xf0, 0xff, 0xff, 0xff, 0xff, 0xff, 0xff,
    0xff, 0x4e, 0x0, 0x0, 0x0, 0x0, 0x0, 0x0,
    0xf0, 0xff, 0xff, 0xff, 0xff, 0xff, 0xff, 0xff,
    0xc8, 0x4, 0x0, 0x0, 0x0, 0x0, 0x0, 0xf0,
    0xff, 0xff, 0xff, 0xff, 0xff, 0xff, 0xff, 0xff,
    0x80, 0x0, 0x0, 0x0, 0x0, 0x0, 0xf0, 0xff,
    0xff, 0xff, 0xfc, 0x99, 0xff, 0xff, 0xff, 0xfb,
    0x37, 0x0, 0x0, 0x0, 0x0, 0xf0, 0xff, 0xff,
    0xff, 0x6a, 0x0, 0xa0, 0xff, 0xff, 0xff, 0xdb,
    0xb, 0x0, 0x0, 0x0, 0xf0, 0xff, 0xff, 0xd3,
    0x0, 0x0, 0xb, 0xd8, 0xff, 0xff, 0xff, 0x9a,
    0x0, 0x0, 0x0, 0xf0, 0xff, 0xff, 0xd0, 0x0,
    0x0, 0x0, 0x30, 0xf8, 0xff, 0xff, 0xff, 0x4e,
    0x0, 0x0, 0xf0, 0xff, 0xff, 0xd0, 0x0, 0x0,
    0x0, 0x0, 0x6d, 0xff, 0xff, 0xff, 0xea, 0x18,
    0x0, 0xf0, 0xff, 0xff, 0xd0, 0x0, 0x0, 0x0,
    0x0, 0x0, 0xb1, 0xff, 0xff, 0xff, 0xb6, 0x0,
    0xf0, 0xff, 0xff, 0xd0, 0x0, 0x0, 0x0, 0x0,
    0x0, 0x12, 0xe3, 0xff, 0xff, 0xff, 0x6d,

    /* U+004C "L" */
    0xf0, 0xff, 0xff, 0xd0, 0x0, 0x0, 0x0, 0x0,
    0x0, 0x0, 0x0, 0xf0, 0xff, 0xff, 0xd0, 0x0,
    0x0, 0x0, 0x0, 0x0, 0x0, 0x0, 0xf0, 0xff,
    0xff, 0xd0, 0x0, 0x0, 0x0, 0x0, 0x0, 0x0,
    0x0, 0xf0, 0xff, 0xff, 0xd0, 0x0, 0x0, 0x0,
    0x0, 0x0, 0x0, 0x0, 0xf0, 0xff, 0xff, 0xd0,
    0x0, 0x0, 0x0, 0x0, 0x0, 0x0, 0x0, 0xf0,
    0xff, 0xff, 0xd0, 0x0, 0x0, 0x0, 0x0, 0x0,
    0x0, 0x0, 0xf0, 0xff, 0xff, 0xd0, 0x0, 0x0,
    0x0, 0x0, 0x0, 0x0, 0x0, 0xf0, 0xff, 0xff,
    0xd0, 0x0, 0x0, 0x0, 0x0, 0x0, 0x0, 0x0,
    0xf0, 0xff, 0xff, 0xd0, 0x0, 0x0, 0x0, 0x0,
    0x0, 0x0, 0x0, 0xf0, 0xff, 0xff, 0xd0, 0x0,
    0x0, 0x0, 0x0, 0x0, 0x0, 0x0, 0xf0, 0xff,
    0xff, 0xd0, 0x0, 0x0, 0x0, 0x0, 0x0, 0x0,
    0x0, 0xf0, 0xff, 0xff, 0xd0, 0x0, 0x0, 0x0,
    0x0, 0x0, 0x0, 0x0, 0xf0, 0xff, 0xff, 0xd0,
    0x0, 0x0, 0x0, 0x0, 0x0, 0x0, 0x0, 0xf0,
    0xff, 0xff, 0xde, 0x4c, 0x4c, 0x4c, 0x4c, 0x4c,
    0x4c, 0x48, 0xf0, 0xff, 0xff, 0xff, 0xff, 0xff,
    0xff, 0xff, 0xff, 0xff, 0xf4, 0xf0, 0xff, 0xff,
    0xff, 0xff, 0xff, 0xff, 0xff, 0xff, 0xff, 0xf4,
    0xf0, 0xff, 0xff, 0xff, 0xff, 0xff, 0xff, 0xff,
    0xff, 0xff, 0xf4,

    /* U+004D "M" */
    0xf0, 0xff, 0xff, 0xff, 0xff, 0x5a, 0x0, 0x0,
    0x0, 0x0, 0x0, 0x0, 0x0, 0x70, 0xff, 0xff,
    0xff, 0xff, 0xd4, 0xf0, 0xff, 0xff, 0xff, 0xff,
    0xd0, 0x0, 0x0, 0x0, 0x0, 0x0, 0x0, 0x4,
    0xe1, 0xff, 0xff, 0xff, 0xff, 0xd4, 0xf0, 0xff,
    0xff, 0xff, 0xff, 0xff, 0x48, 0x0, 0x0, 0x0,
    0x0, 0x0, 0x5e, 0xff, 0xff, 0xff, 0xff, 0xff,
    0xd4, 0xf0, 0xff, 0xff, 0xff, 0xff, 0xff, 0xbe,
    0x0, 0x0, 0x0, 0x0, 0x1, 0xd3, 0xff, 0xff,
    0xff, 0xff, 0xff, 0xd4, 0xf0, 0xff, 0xff, 0xff,
    0xff, 0xff, 0xff, 0x35, 0x0, 0x0, 0x0, 0x4c,
    0xff, 0xff, 0xff, 0xff, 0xff, 0xff, 0xd4, 0xf0,
    0xff, 0xff, 0xff, 0xff, 0xff, 0xff, 0xab, 0x0,
    0x0, 0x0, 0xc3, 0xff, 0xff, 0xff, 0xff, 0xff,
    0xff, 0xd4, 0xf0, 0xff, 0xff, 0xe7, 0xf9, 0xff,
    0xff, 0xfd, 0x25, 0x0, 0x39, 0xff, 0xff, 0xff,
    0xef, 0xf1, 0xff, 0xff, 0xd4, 0xf0, 0xff, 0xff,
    0xd0, 0x9b, 0xff, 0xff, 0xff, 0x99, 0x0, 0xb1,
    0xff, 0xff, 0xff, 0x80, 0xe8, 0xff, 0xff, 0xd4,
    0xf0, 0xff, 0xff, 0xd0, 0x23, 0xfc, 0xff, 0xff,
    0xf7, 0x41, 0xfe, 0xff, 0xff, 0xf2, 0x11, 0xe8,
    0xff, 0xff, 0xd4, 0xf0, 0xff, 0xff, 0xd0, 0x0,
    0xa4, 0xff, 0xff, 0xff, 0xf2, 0xff, 0xff, 0xff,
    0x86, 0x0, 0xe8, 0xff, 0xff, 0xd4, 0xf0, 0xff,
    0xff, 0xd0, 0x0, 0x29, 0xfd, 0xff, 0xff, 0xff,
    0xff, 0xff, 0xf4, 0x14, 0x0, 0xe8, 0xff, 0xff,
    0xd4, 0xf0, 0xff, 0xff, 0xd0, 0x0, 0x0, 0xac,
    0xff, 0xff, 0xff, 0xff, 0xff, 0x8c, 0x0, 0x0,
    0xe8, 0xff, 0xff, 0xd4, 0xf0, 0xff, 0xff, 0xd0,
    0x0, 0x0, 0x30, 0xff, 0xff, 0xff, 0xff, 0xf7,
    0x18, 0x0, 0x0, 0xe8, 0xff, 0xff, 0xd4, 0xf0,
    0xff, 0xff, 0xd0, 0x0, 0x0, 0x0, 0xb4, 0xff,
    0xff, 0xff, 0x91, 0x0, 0x0, 0x0, 0xe8, 0xff,
    0xff, 0xd4, 0xf0, 0xff, 0xff, 0xd0, 0x0, 0x0,
    0x0, 0x38, 0xff, 0xff, 0xf9, 0x1b, 0x0, 0x0,
    0x0, 0xe8, 0xff, 0xff, 0xd4, 0xf0, 0xff, 0xff,
    0xd0, 0x0, 0x0, 0x0, 0x0, 0x7e, 0x98, 0x69,
    0x0, 0x0, 0x0, 0x0, 0xe8, 0xff, 0xff, 0xd4,
    0xf0, 0xff, 0xff, 0xd0, 0x0, 0x0, 0x0, 0x0,
    0x0, 0x0, 0x0, 0x0, 0x0, 0x0, 0x0, 0xe8,
    0xff, 0xff, 0xd4,

    /* U+004E "N" */
    0xf0, 0xff, 0xff, 0xdf, 0x10, 0x0, 0x0, 0x0,
    0x0, 0x0, 0x0, 0x34, 0xff, 0xff, 0xff, 0x8c,
    0xf0, 0xff, 0xff, 0xff, 0xaf, 0x0, 0x0, 0x0,
    0x0, 0x0, 0x0, 0x34, 0xff, 0xff, 0xff, 0x8c,
    0xf0, 0xff, 0xff, 0xff, 0xff, 0x71, 0x0, 0x0,
    0x0, 0x0, 0x0, 0x34, 0xff, 0xff, 0xff, 0x8c,
    0xf0, 0xff, 0xff, 0xff, 0xff, 0xfa, 0x37, 0x0,
    0x0, 0x0, 0x0, 0x34, 0xff, 0xff, 0xff, 0x8c,
    0xf0, 0xff, 0xff, 0xff, 0xff, 0xff, 0xe0, 0x11,
    0x0, 0x0, 0x0, 0x34, 0xff, 0xff, 0xff, 0x8c,
    0xf0, 0xff, 0xff, 0xff, 0xff, 0xff, 0xff, 0xb2,
    0x1, 0x0, 0x0, 0x34, 0xff, 0xff, 0xff, 0x8c,
    0xf0, 0xff, 0xff, 0xe6, 0xf0, 0xff, 0xff, 0xff,
    0x74, 0x0, 0x0, 0x34, 0xff, 0xff, 0xff, 0x8c,
    0xf0, 0xff, 0xff, 0xd0, 0x53, 0xff, 0xff, 0xff,
    0xfb, 0x39, 0x0, 0x34, 0xff, 0xff, 0xff, 0x8c,
    0xf0, 0xff, 0xff, 0xd0, 0x0, 0x93, 0xff, 0xff,
    0xff, 0xe2, 0x13, 0x34, 0xff, 0xff, 0xff, 0x8c,
    0xf0, 0xff, 0xff, 0xd0, 0x0, 0x6, 0xcc, 0xff,
    0xff, 0xff, 0xb4, 0x35, 0xff, 0xff, 0xff, 0x8c,
    0xf0, 0xff, 0xff, 0xd0, 0x0, 0x0, 0x22, 0xf0,
    0xff, 0xff, 0xff, 0xab, 0xff, 0xff, 0xff, 0x8c,
    0xf0, 0xff, 0xff, 0xd0, 0x0, 0x0, 0x0, 0x53,
    0xff, 0xff, 0xff, 0xff, 0xff, 0xff, 0xff, 0x8c,
    0xf0, 0xff, 0xff, 0xd0, 0x0, 0x0, 0x0, 0x0,
    0x94, 0xff, 0xff, 0xff, 0xff, 0xff, 0xff, 0x8c,
    0xf0, 0xff, 0xff, 0xd0, 0x0, 0x0, 0x0, 0x0,
    0x7, 0xcc, 0xff, 0xff, 0xff, 0xff, 0xff, 0x8c,
    0xf0, 0xff, 0xff, 0xd0, 0x0, 0x0, 0x0, 0x0,
    0x0, 0x23, 0xf1, 0xff, 0xff, 0xff, 0xff, 0x8c,
    0xf0, 0xff, 0xff, 0xd0, 0x0, 0x0, 0x0, 0x0,
    0x0, 0x0, 0x54, 0xff, 0xff, 0xff, 0xff, 0x8c,
    0xf0, 0xff, 0xff, 0xd0, 0x0, 0x0, 0x0, 0x0,
    0x0, 0x0, 0x0, 0x94, 0xff, 0xff, 0xff, 0x8c,

    /* U+004F "O" */
    0x0, 0x0, 0x0, 0x0, 0x5, 0x5e, 0xac, 0xe0,
    0xf6, 0xf2, 0xda, 0x9e, 0x4a, 0x0, 0x0, 0x0,
    0x0, 0x0, 0x0, 0x0, 0x0, 0x42, 0xde, 0xff,
    0xff, 0xff, 0xff, 0xff, 0xff, 0xff, 0xff, 0xc9,
    0x26, 0x0, 0x0, 0x0, 0x0, 0x0, 0x63, 0xfc,
    0xff, 0xff, 0xff, 0xff, 0xff, 0xff, 0xff, 0xff,
    0xff, 0xff, 0xf1, 0x3e, 0x0, 0x0, 0x0, 0x46,
    0xfc, 0xff, 0xff, 0xff, 0xde, 0x76, 0x46, 0x4a,
    0x83, 0xec, 0xff, 0xff, 0xff, 0xee, 0x24, 0x0,
    0x6, 0xdd, 0xff, 0xff, 0xff, 0xac, 0x8, 0x0,
    0x0, 0x0, 0x0, 0x14, 0xc8, 0xff, 0xff, 0xff,
    0xb5, 0x0, 0x5a, 0xff, 0xff, 0xff, 0xd0, 0x7,
    0x0, 0x0, 0x0, 0x0, 0x0, 0x0, 0x15, 0xea,
    0xff, 0xff, 0xff, 0x2c, 0xa6, 0xff, 0xff, 0xff,
    0x51, 0x0, 0x0, 0x0, 0x0, 0x0, 0x0, 0x0,
    0x0, 0x7a, 0xff, 0xff, 0xff, 0x79, 0xcd, 0xff,
    0xff, 0xff, 0xb, 0x0, 0x0, 0x0, 0x0, 0x0,
    0x0, 0x0, 0x0, 0x33, 0xff, 0xff, 0xff, 0xa0,
    0xde, 0xff, 0xff, 0xf5, 0x0, 0x0, 0x0, 0x0,
    0x0, 0x0, 0x0, 0x0, 0x0, 0x1d, 0xff, 0xff,
    0xff, 0xb2, 0xcd, 0xff, 0xff, 0xff, 0xa, 0x0,
    0x0, 0x0, 0x0, 0x0, 0x0, 0x0, 0x0, 0x32,
    0xff, 0xff, 0xff, 0xa0, 0xa6, 0xff, 0xff, 0xff,
    0x4f, 0x0, 0x0, 0x0, 0x0, 0x0, 0x0, 0x0,
    0x0, 0x78, 0xff, 0xff, 0xff, 0x79, 0x5a, 0xff,
    0xff, 0xff, 0xce, 0x6, 0x0, 0x0, 0x0, 0x0,
    0x0, 0x0, 0x14, 0xe8, 0xff, 0xff, 0xff, 0x2d,
    0x6, 0xdd, 0xff, 0xff, 0xff, 0xa8, 0x7, 0x0,
    0x0, 0x0, 0x0, 0x12, 0xc5, 0xff, 0xff, 0xff,
    0xb5, 0x0, 0x0, 0x46, 0xfc, 0xff, 0xff, 0xff,
    0xdd, 0x75, 0x45, 0x49, 0x81, 0xea, 0xff, 0xff,
    0xff, 0xee, 0x24, 0x0, 0x0, 0x0, 0x63, 0xfc,
    0xff, 0xff, 0xff, 0xff, 0xff, 0xff, 0xff, 0xff,
    0xff, 0xff, 0xf1, 0x3e, 0x0, 0x0, 0x0, 0x0,
    0x0, 0x42, 0xdf, 0xff, 0xff, 0xff, 0xff, 0xff,
    0xff, 0xff, 0xff, 0xc9, 0x26, 0x0, 0x0, 0x0,
    0x0, 0x0, 0x0, 0x0, 0x5, 0x5e, 0xad, 0xe1,
    0xf7, 0xf3, 0xdb, 0x9f, 0x4a, 0x0, 0x0, 0x0,
    0x0, 0x0,

    /* U+0050 "P" */
    0xf0, 0xff, 0xff, 0xff, 0xff, 0xff, 0xf8, 0xe9,
    0xc5, 0x8c, 0x2c, 0x0, 0x0, 0x0, 0xf0, 0xff,
    0xff, 0xff, 0xff, 0xff, 0xff, 0xff, 0xff, 0xff,
    0xfd, 0x87, 0x0, 0x0, 0xf0, 0xff, 0xff, 0xff,
    0xff, 0xff, 0xff, 0xff, 0xff, 0xff, 0xff, 0xff,
    0x6e, 0x0, 0xf0, 0xff, 0xff, 0xd8, 0x2c, 0x2c,
    0x3b, 0x5c, 0xc3, 0xff, 0xff, 0xff, 0xec, 0x4,
    0xf0, 0xff, 0xff, 0xd0, 0x0, 0x0, 0x0, 0x0,
    0x5, 0xce, 0xff, 0xff, 0xff, 0x37, 0xf0, 0xff,
    0xff, 0xd0, 0x0, 0x0, 0x0, 0x0, 0x0, 0x87,
    0xff, 0xff, 0xff, 0x56, 0xf0, 0xff, 0xff, 0xd0,
    0x0, 0x0, 0x0, 0x0, 0x0, 0x87, 0xff, 0xff,
    0xff, 0x5c, 0xf0, 0xff, 0xff, 0xd0, 0x0, 0x0,
    0x0, 0x0, 0x0, 0xc2, 0xff, 0xff, 0xff, 0x46,
    0xf0, 0xff, 0xff, 0xd0, 0x0, 0x0, 0x3, 0x1d,
    0x85, 0xff, 0xff, 0xff, 0xfb, 0xe, 0xf0, 0xff,
    0xff, 0xff, 0xff, 0xff, 0xff, 0xff, 0xff, 0xff,
    0xff, 0xff, 0x99, 0x0, 0xf0, 0xff, 0xff, 0xff,
    0xff, 0xff, 0xff, 0xff, 0xff, 0xff, 0xff, 0xc0,
    0xb, 0x0, 0xf0, 0xff, 0xff, 0xff, 0xff, 0xff,
    0xff, 0xff, 0xf7, 0xc1, 0x61, 0x2, 0x0, 0x0,
    0xf0, 0xff, 0xff, 0xd9, 0x34, 0x34, 0x2e, 0x20,
    0x4, 0x0, 0x0, 0x0, 0x0, 0x0, 0xf0, 0xff,
    0xff, 0xd0, 0x0, 0x0, 0x0, 0x0, 0x0, 0x0,
    0x0, 0x0, 0x0, 0x0, 0xf0, 0xff, 0xff, 0xd0,
    0x0, 0x0, 0x0, 0x0, 0x0, 0x0, 0x0, 0x0,
    0x0, 0x0, 0xf0, 0xff, 0xff, 0xd0, 0x0, 0x0,
    0x0, 0x0, 0x0, 0x0, 0x0, 0x0, 0x0, 0x0,
    0xf0, 0xff, 0xff, 0xd0, 0x0, 0x0, 0x0, 0x0,
    0x0, 0x0, 0x0, 0x0, 0x0, 0x0,

    /* U+0051 "Q" */
    0x0, 0x0, 0x0, 0x0, 0x5, 0x5e, 0xac, 0xe0,
    0xf6, 0xf2, 0xda, 0x9e, 0x4a, 0x0, 0x0, 0x0,
    0x0, 0x0, 0x0, 0x0, 0x0, 0x0, 0x0, 0x42,
    0xde, 0xff, 0xff, 0xff, 0xff, 0xff, 0xff, 0xff,
    0xff, 0xc9, 0x26, 0x0, 0x0, 0x0, 0x0, 0x0,
    0x0, 0x0, 0x63, 0xfc, 0xff, 0xff, 0xff, 0xff,
    0xff, 0xff, 0xff, 0xff, 0xff, 0xff, 0xf1, 0x3e,
    0x0, 0x0, 0x0, 0x0, 0x0, 0x46, 0xfc, 0xff,
    0xff, 0xff, 0xde, 0x76, 0x46, 0x4a, 0x83, 0xec,
    0xff, 0xff, 0xff, 0xee, 0x24, 0x0, 0x0, 0x0,
    0x6, 0xdd, 0xff, 0xff, 0xff, 0xac, 0x8, 0x0,
    0x0, 0x0, 0x0, 0x14, 0xc8, 0xff, 0xff, 0xff,
    0xb5, 0x0, 0x0, 0x0, 0x5a, 0xff, 0xff, 0xff,
    0xd0, 0x7, 0x0, 0x0, 0x0, 0x0, 0x0, 0x0,
    0x15, 0xea, 0xff, 0xff, 0xff, 0x2c, 0x0, 0x0,
    0xa6, 0xff, 0xff, 0xff, 0x51, 0x0, 0x0, 0x0,
    0x0, 0x0, 0x0, 0x0, 0x0, 0x7a, 0xff, 0xff,
    0xff, 0x79, 0x0, 0x0, 0xcd, 0xff, 0xff, 0xff,
    0xb, 0x0, 0x0, 0x0, 0x0, 0x0, 0x0, 0x0,
    0x0, 0x33, 0xff, 0xff, 0xff, 0xa0, 0x0, 0x0,
    0xde, 0xff, 0xff, 0xf5, 0x0, 0x0, 0x0, 0x0,
    0x0, 0x0, 0x0, 0x0, 0x0, 0x1d, 0xff, 0xff,
    0xff, 0xb2, 0x0, 0x0, 0xcd, 0xff, 0xff, 0xff,
    0xa, 0x0, 0x0, 0x0, 0x0, 0x0, 0x0, 0x0,
    0x0, 0x32, 0xff, 0xff, 0xff, 0xa5, 0x0, 0x0,
    0xa6, 0xff, 0xff, 0xff, 0x4f, 0x0, 0x0, 0x0,
    0x0, 0x0, 0x0, 0x0, 0x0, 0x78, 0xff, 0xff,
    0xff, 0x79, 0x0, 0x0, 0x5a, 0xff, 0xff, 0xff,
    0xce, 0x6, 0x0, 0x0, 0x0, 0x0, 0x0, 0x0,
    0x14, 0xe8, 0xff, 0xff, 0xff, 0x2d, 0x0, 0x0,
    0x6, 0xdd, 0xff, 0xff, 0xff, 0xa8, 0x7, 0x0,
    0x0, 0x0, 0x0, 0x12, 0xc5, 0xff, 0xff, 0xff,
    0xba, 0x0, 0x0, 0x0, 0x0, 0x46, 0xfc, 0xff,
    0xff, 0xff, 0xdd, 0x75, 0x45, 0x49, 0x81, 0xea,
    0xff, 0xff, 0xff, 0xf3, 0x27, 0x0, 0x0, 0x0,
    0x0, 0x0, 0x63, 0xfc, 0xff, 0xff, 0xff, 0xff,
    0xff, 0xff, 0xff, 0xff, 0xff, 0xff, 0xf6, 0x47,
    0x0, 0x0, 0x0, 0x0, 0x0, 0x0, 0x0, 0x42,
    0xdf, 0xff, 0xff, 0xff, 0xff, 0xff, 0xff, 0xff,
    0xff, 0xcc, 0x2e, 0x0, 0xb, 0x21, 0x0, 0x0,
    0x0, 0x0, 0x0, 0x0, 0x5, 0x5e, 0xad, 0xe1,
    0xf7, 0xff, 0xff, 0xff, 0xf8, 0x4e, 0xc, 0x36,
    0xc0, 0xd9, 0x12, 0x0, 0x0, 0x0, 0x0, 0x0,
    0x0, 0x0, 0x0, 0x0, 0x1, 0xba, 0xff, 0xff,
    0xff, 0xff, 0xff, 0xff, 0xff, 0xff, 0xbd, 0x0,
    0x0, 0x0, 0x0, 0x0, 0x0, 0x0, 0x0, 0x0,
    0x0, 0x16, 0xc4, 0xff, 0xff, 0xff, 0xff, 0xff,
    0xff, 0xee, 0x4b, 0x0, 0x0, 0x0, 0x0, 0x0,
    0x0, 0x0, 0x0, 0x0, 0x0, 0x0, 0x4, 0x63,
    0xc1, 0xea, 0xea, 0xc7, 0x7c, 0x11, 0x0, 0x0,

    /* U+0052 "R" */
    0xf0, 0xff, 0xff, 0xff, 0xff, 0xff, 0xfd, 0xf2,
    0xdc, 0xb1, 0x66, 0xa, 0x0, 0x0, 0x0, 0xf0,
    0xff, 0xff, 0xff, 0xff, 0xff, 0xff, 0xff, 0xff,
    0xff, 0xff, 0xe0, 0x2a, 0x0, 0x0, 0xf0, 0xff,
    0xff, 0xff, 0xff, 0xff, 0xff, 0xff, 0xff, 0xff,
    0xff, 0xff, 0xdb, 0x5, 0x0, 0xf0, 0xff, 0xff,
    0xd8, 0x2c, 0x2c, 0x2c, 0x3a, 0x71, 0xf0, 0xff,
    0xff, 0xff, 0x52, 0x0, 0xf0, 0xff, 0xff, 0xd0,
    0x0, 0x0, 0x0, 0x0, 0x0, 0x69, 0xff, 0xff,
    0xff, 0x8d, 0x0, 0xf0, 0xff, 0xff, 0xd0, 0x0,
    0x0, 0x0, 0x0, 0x0, 0x31, 0xff, 0xff, 0xff,
    0xa4, 0x0, 0xf0, 0xff, 0xff, 0xd0, 0x0, 0x0,
    0x0, 0x0, 0x0, 0x3b, 0xff, 0xff, 0xff, 0x9b,
    0x0, 0xf0, 0xff, 0xff, 0xd0, 0x0, 0x0, 0x0,
    0x0, 0x0, 0x84, 0xff, 0xff, 0xff, 0x7f, 0x0,
    0xf0, 0xff, 0xff, 0xda, 0x38, 0x38, 0x39, 0x49,
    0x89, 0xfa, 0xff, 0xff, 0xff, 0x34, 0x0, 0xf0,
    0xff, 0xff, 0xff, 0xff, 0xff, 0xff, 0xff, 0xff,
    0xff, 0xff, 0xff, 0xba, 0x0, 0x0, 0xf0, 0xff,
    0xff, 0xff, 0xff, 0xff, 0xff, 0xff, 0xff, 0xff,
    0xff, 0xc3, 0x11, 0x0, 0x0, 0xf0, 0xff, 0xff,
    0xff, 0xff, 0xff, 0xff, 0xff, 0xff, 0xff, 0xbf,
    0x0, 0x0, 0x0, 0x0, 0xf0, 0xff, 0xff, 0xd0,
    0x0, 0x0, 0x3d, 0xfc, 0xff, 0xff, 0xff, 0x57,
    0x0, 0x0, 0x0, 0xf0, 0xff, 0xff, 0xd0, 0x0,
    0x0, 0x0, 0x7b, 0xff, 0xff, 0xff, 0xf2, 0x26,
    0x0, 0x0, 0xf0, 0xff, 0xff, 0xd0, 0x0, 0x0,
    0x0, 0x2, 0xba, 0xff, 0xff, 0xff, 0xd0, 0x8,
    0x0, 0xf0, 0xff, 0xff, 0xd0, 0x0, 0x0, 0x0,
    0x0, 0x16, 0xe7, 0xff, 0xff, 0xff, 0x9a, 0x0,
    0xf0, 0xff, 0xff, 0xd0, 0x0, 0x0, 0x0, 0x0,
    0x0, 0x42, 0xfd, 0xff, 0xff, 0xff, 0x5b,

    /* U+0053 "S" */
    0x0, 0x0, 0x0, 0x4, 0x63, 0xbb, 0xeb, 0xfb,
    0xeb, 0xc9, 0x88, 0x2d, 0x0, 0x0, 0x0, 0x0,
    0x0, 0x1b, 0xcf, 0xff, 0xff, 0xff, 0xff, 0xff,
    0xff, 0xff, 0xff, 0xb7, 0x1f, 0x0, 0x0, 0x1,
    0xc8, 0xff, 0xff, 0xff, 0xff, 0xff, 0xff, 0xff,
    0xff, 0xff, 0xff, 0x9d, 0x0, 0x0, 0x38, 0xff,
    0xff, 0xff, 0xf5, 0x77, 0x4a, 0x5e, 0x9b, 0xf2,
    0xff, 0xe1, 0x10, 0x0, 0x0, 0x62, 0xff, 0xff,
    0xff, 0x8a, 0x0, 0x0, 0x0, 0x0, 0xf, 0x93,
    0x3e, 0x0, 0x0, 0x0, 0x60, 0xff, 0xff, 0xff,
    0xb5, 0x2, 0x0, 0x0, 0x0, 0x0, 0x0, 0x0,
    0x0, 0x0, 0x0, 0x30, 0xff, 0xff, 0xff, 0xff,
    0xd3, 0x76, 0x2e, 0x1, 0x0, 0x0, 0x0, 0x0,
    0x0, 0x0, 0x0, 0xbb, 0xff, 0xff, 0xff, 0xff,
    0xff, 0xff, 0xe9, 0x9a, 0x2f, 0x0, 0x0, 0x0,
    0x0, 0x0, 0x10, 0xab, 0xff, 0xff, 0xff, 0xff,
    0xff, 0xff, 0xff, 0xfd, 0x8e, 0x2, 0x0, 0x0,
    0x0, 0x0, 0x0, 0x31, 0x93, 0xdf, 0xff, 0xff,
    0xff, 0xff, 0xff, 0xff, 0x80, 0x0, 0x0, 0x0,
    0x0, 0x0, 0x0, 0x0, 0x0, 0x23, 0x6d, 0xd6,
    0xff, 0xff, 0xff, 0xf1, 0x4, 0x0, 0x0, 0x18,
    0x48, 0x0, 0x0, 0x0, 0x0, 0x0, 0xa, 0xde,
    0xff, 0xff, 0xff, 0x24, 0x0, 0x8, 0xc9, 0xfe,
    0x8e, 0xf, 0x0, 0x0, 0x0, 0x0, 0xca, 0xff,
    0xff, 0xff, 0x23, 0x0, 0xa7, 0xff, 0xff, 0xff,
    0xec, 0x94, 0x5a, 0x53, 0xa1, 0xff, 0xff, 0xff,
    0xec, 0x4, 0x4, 0x93, 0xff, 0xff, 0xff, 0xff,
    0xff, 0xff, 0xff, 0xff, 0xff, 0xff, 0xff, 0x78,
    0x0, 0x0, 0x0, 0x52, 0xdb, 0xff, 0xff, 0xff,
    0xff, 0xff, 0xff, 0xff, 0xff, 0x92, 0x1, 0x0,
    0x0, 0x0, 0x0, 0x4, 0x55, 0xa4, 0xdb, 0xf3,
    0xf8, 0xdf, 0xa4, 0x3c, 0x0, 0x0, 0x0,

    /* U+0054 "T" */
    0x54, 0xff, 0xff, 0xff, 0xff, 0xff, 0xff, 0xff,
    0xff, 0xff, 0xff, 0xff, 0xff, 0xec, 0x54, 0xff,
    0xff, 0xff, 0xff, 0xff, 0xff, 0xff, 0xff, 0xff,
    0xff, 0xff, 0xff, 0xec, 0x54, 0xff, 0xff, 0xff,
    0xff, 0xff, 0xff, 0xff, 0xff, 0xff, 0xff, 0xff,
    0xff, 0xec, 0x11, 0x34, 0x34, 0x34, 0x34, 0xa9,
    0xff, 0xff, 0xff, 0x57, 0x34, 0x34, 0x34, 0x2f,
    0x0, 0x0, 0x0, 0x0, 0x0, 0x94, 0xff, 0xff,
    0xff, 0x2c, 0x0, 0x0, 0x0, 0x0, 0x0, 0x0,
    0x0, 0x0, 0x0, 0x94, 0xff, 0xff, 0xff, 0x2c,
    0x0, 0x0, 0x0, 0x0, 0x0, 0x0, 0x0, 0x0,
    0x0, 0x94, 0xff, 0xff, 0xff, 0x2c, 0x0, 0x0,
    0x0, 0x0, 0x0, 0x0, 0x0, 0x0, 0x0, 0x94,
    0xff, 0xff, 0xff, 0x2c, 0x0, 0x0, 0x0, 0x0,
    0x0, 0x0, 0x0, 0x0, 0x0, 0x94, 0xff, 0xff,
    0xff, 0x2c, 0x0, 0x0, 0x0, 0x0, 0x0, 0x0,
    0x0, 0x0, 0x0, 0x94, 0xff, 0xff, 0xff, 0x2c,
    0x0, 0x0, 0x0, 0x0, 0x0, 0x0, 0x0, 0x0,
    0x0, 0x94, 0xff, 0xff, 0xff, 0x2c, 0x0, 0x0,
    0x0, 0x0, 0x0, 0x0, 0x0, 0x0, 0x0, 0x94,
    0xff, 0xff, 0xff, 0x2c, 0x0, 0x0, 0x0, 0x0,
    0x0, 0x0, 0x0, 0x0, 0x0, 0x94, 0xff, 0xff,
    0xff, 0x2c, 0x0, 0x0, 0x0, 0x0, 0x0, 0x0,
    0x0, 0x0, 0x0, 0x94, 0xff, 0xff, 0xff, 0x2c,
    0x0, 0x0, 0x0, 0x0, 0x0, 0x0, 0x0, 0x0,
    0x0, 0x94, 0xff, 0xff, 0xff, 0x2c, 0x0, 0x0,
    0x0, 0x0, 0x0, 0x0, 0x0, 0x0, 0x0, 0x94,
    0xff, 0xff, 0xff, 0x2c, 0x0, 0x0, 0x0, 0x0,
    0x0, 0x0, 0x0, 0x0, 0x0, 0x94, 0xff, 0xff,
    0xff, 0x2c, 0x0, 0x0, 0x0, 0x0,

    /* U+0055 "U" */
    0x2c, 0xff, 0xff, 0xff, 0x90, 0x0, 0x0, 0x0,
    0x0, 0x0, 0x0, 0x8c, 0xff, 0xff, 0xff, 0x34,
    0x2c, 0xff, 0xff, 0xff, 0x90, 0x0, 0x0, 0x0,
    0x0, 0x0, 0x0, 0x8c, 0xff, 0xff, 0xff, 0x34,
    0x2c, 0xff, 0xff, 0xff, 0x90, 0x0, 0x0, 0x0,
    0x0, 0x0, 0x0, 0x8c, 0xff, 0xff, 0xff, 0x34,
    0x2c, 0xff, 0xff, 0xff, 0x90, 0x0, 0x0, 0x0,
    0x0, 0x0, 0x0, 0x8c, 0xff, 0xff, 0xff, 0x34,
    0x2c, 0xff, 0xff, 0xff, 0x90, 0x0, 0x0, 0x0,
    0x0, 0x0, 0x0, 0x8c, 0xff, 0xff, 0xff, 0x34,
    0x2c, 0xff, 0xff, 0xff, 0x90, 0x0, 0x0, 0x0,
    0x0, 0x0, 0x0, 0x8c, 0xff, 0xff, 0xff, 0x34,
    0x2c, 0xff, 0xff, 0xff, 0x90, 0x0, 0x0, 0x0,
    0x0, 0x0, 0x0, 0x8c, 0xff, 0xff, 0xff, 0x34,
    0x2c, 0xff, 0xff, 0xff, 0x90, 0x0, 0x0, 0x0,
    0x0, 0x0, 0x0, 0x8c, 0xff, 0xff, 0xff, 0x34,
    0x2c, 0xff, 0xff, 0xff, 0x90, 0x0, 0x0, 0x0,
    0x0, 0x0, 0x0, 0x8c, 0xff, 0xff, 0xff, 0x34,
    0x28, 0xff, 0xff, 0xff, 0x97, 0x0, 0x0, 0x0,
    0x0, 0x0, 0x0, 0x93, 0xff, 0xff, 0xff, 0x30,
    0x18, 0xff, 0xff, 0xff, 0xb6, 0x0, 0x0, 0x0,
    0x0, 0x0, 0x0, 0xb2, 0xff, 0xff, 0xff, 0x1e,
    0x2, 0xf0, 0xff, 0xff, 0xed, 0xd, 0x0, 0x0,
    0x0, 0x0, 0xa, 0xea, 0xff, 0xff, 0xf5, 0x5,
    0x0, 0xaf, 0xff, 0xff, 0xff, 0x89, 0x0, 0x0,
    0x0, 0x0, 0x82, 0xff, 0xff, 0xff, 0xb8, 0x0,
    0x0, 0x40, 0xff, 0xff, 0xff, 0xff, 0xaf, 0x5e,
    0x5d, 0xaa, 0xff, 0xff, 0xff, 0xff, 0x49, 0x0,
    0x0, 0x0, 0x96, 0xff, 0xff, 0xff, 0xff, 0xff,
    0xff, 0xff, 0xff, 0xff, 0xff, 0xa0, 0x0, 0x0,
    0x0, 0x0, 0x3, 0x8d, 0xfe, 0xff, 0xff, 0xff,
    0xff, 0xff, 0xff, 0xff, 0x96, 0x6, 0x0, 0x0,
    0x0, 0x0, 0x0, 0x0, 0x30, 0x99, 0xda, 0xf6,
    0xf6, 0xdb, 0x9d, 0x35, 0x0, 0x0, 0x0, 0x0,

    /* U+0056 "V" */
    0x2, 0xdf, 0xff, 0xff, 0xff, 0x2f, 0x0, 0x0,
    0x0, 0x0, 0x0, 0x0, 0x0, 0xac, 0xff, 0xff,
    0xff, 0x60, 0x0, 0x7c, 0xff, 0xff, 0xff, 0x96,
    0x0, 0x0, 0x0, 0x0, 0x0, 0x0, 0x18, 0xfa,
    0xff, 0xff, 0xf1, 0xa, 0x0, 0x1a, 0xfc, 0xff,
    0xff, 0xf1, 0xb, 0x0, 0x0, 0x0, 0x0, 0x0,
    0x7b, 0xff, 0xff, 0xff, 0x96, 0x0, 0x0, 0x0,
    0xb1, 0xff, 0xff, 0xff, 0x64, 0x0, 0x0, 0x0,
    0x0, 0x2, 0xe0, 0xff, 0xff, 0xff, 0x30, 0x0,
    0x0, 0x0, 0x4b, 0xff, 0xff, 0xff, 0xcc, 0x0,
    0x0, 0x0, 0x0, 0x4b, 0xff, 0xff, 0xff, 0xcb,
    0x0, 0x0, 0x0, 0x0, 0x2, 0xe2, 0xff, 0xff,
    0xff, 0x33, 0x0, 0x0, 0x0, 0xb2, 0xff, 0xff,
    0xff, 0x65, 0x0, 0x0, 0x0, 0x0, 0x0, 0x80,
    0xff, 0xff, 0xff, 0x9a, 0x0, 0x0, 0x1c, 0xfc,
    0xff, 0xff, 0xf3, 0xd, 0x0, 0x0, 0x0, 0x0,
    0x0, 0x1d, 0xfc, 0xff, 0xff, 0xf3, 0xd, 0x0,
    0x81, 0xff, 0xff, 0xff, 0x9b, 0x0, 0x0, 0x0,
    0x0, 0x0, 0x0, 0x0, 0xb4, 0xff, 0xff, 0xff,
    0x69, 0x3, 0xe4, 0xff, 0xff, 0xff, 0x35, 0x0,
    0x0, 0x0, 0x0, 0x0, 0x0, 0x0, 0x4f, 0xff,
    0xff, 0xff, 0xd0, 0x51, 0xff, 0xff, 0xff, 0xd0,
    0x0, 0x0, 0x0, 0x0, 0x0, 0x0, 0x0, 0x0,
    0x3, 0xe5, 0xff, 0xff, 0xff, 0xdd, 0xff, 0xff,
    0xff, 0x6a, 0x0, 0x0, 0x0, 0x0, 0x0, 0x0,
    0x0, 0x0, 0x0, 0x83, 0xff, 0xff, 0xff, 0xff,
    0xff, 0xff, 0xf6, 0xf, 0x0, 0x0, 0x0, 0x0,
    0x0, 0x0, 0x0, 0x0, 0x0, 0x20, 0xfd, 0xff,
    0xff, 0xff, 0xff, 0xff, 0xa0, 0x0, 0x0, 0x0,
    0x0, 0x0, 0x0, 0x0, 0x0, 0x0, 0x0, 0x0,
    0xb8, 0xff, 0xff, 0xff, 0xff, 0xff, 0x3a, 0x0,
    0x0, 0x0, 0x0, 0x0, 0x0, 0x0, 0x0, 0x0,
    0x0, 0x0, 0x52, 0xff, 0xff, 0xff, 0xff, 0xd4,
    0x0, 0x0, 0x0, 0x0, 0x0, 0x0, 0x0, 0x0,
    0x0, 0x0, 0x0, 0x0, 0x4, 0xe7, 0xff, 0xff,
    0xff, 0x6f, 0x0, 0x0, 0x0, 0x0, 0x0, 0x0,
    0x0, 0x0, 0x0, 0x0, 0x0, 0x0, 0x0, 0x87,
    0xff, 0xff, 0xf8, 0x12, 0x0, 0x0, 0x0, 0x0,
    0x0, 0x0,

    /* U+0057 "W" */
    0x2, 0xe5, 0xff, 0xff, 0xff, 0x28, 0x0, 0x0,
    0x0, 0x0, 0x0, 0xe3, 0xff, 0xff, 0xff, 0x56,
    0x0, 0x0, 0x0, 0x0, 0x0, 0xb4, 0xff, 0xff,
    0xff, 0x5b, 0x0, 0x90, 0xff, 0xff, 0xff, 0x80,
    0x0, 0x0, 0x0, 0x0, 0x34, 0xff, 0xff, 0xff,
    0xff, 0xa3, 0x0, 0x0, 0x0, 0x0, 0x11, 0xf9,
    0xff, 0xff, 0xf6, 0xc, 0x0, 0x38, 0xff, 0xff,
    0xff, 0xd9, 0x0, 0x0, 0x0, 0x0, 0x83, 0xff,
    0xff, 0xff, 0xff, 0xed, 0x3, 0x0, 0x0, 0x0,
    0x62, 0xff, 0xff, 0xff, 0xab, 0x0, 0x0, 0x0,
    0xde, 0xff, 0xff, 0xff, 0x32, 0x0, 0x0, 0x0,
    0xd3, 0xff, 0xff, 0xff, 0xff, 0xff, 0x3e, 0x0,
    0x0, 0x0, 0xb9, 0xff, 0xff, 0xff, 0x53, 0x0,
    0x0, 0x0, 0x87, 0xff, 0xff, 0xff, 0x8b, 0x0,
    0x0, 0x22, 0xff, 0xff, 0xff, 0xff, 0xff, 0xff,
    0x8b, 0x0, 0x0, 0x14, 0xfb, 0xff, 0xff, 0xf2,
    0x8, 0x0, 0x0, 0x0, 0x2f, 0xff, 0xff, 0xff,
    0xe2, 0x1, 0x0, 0x72, 0xff, 0xff, 0xff, 0xcc,
    0xff, 0xff, 0xd8, 0x0, 0x0, 0x67, 0xff, 0xff,
    0xff, 0xa2, 0x0, 0x0, 0x0, 0x0, 0x0, 0xd6,
    0xff, 0xff, 0xff, 0x3c, 0x0, 0xc2, 0xff, 0xff,
    0xcf, 0x60, 0xff, 0xff, 0xff, 0x26, 0x0, 0xbe,
    0xff, 0xff, 0xff, 0x4a, 0x0, 0x0, 0x0, 0x0,
    0x0, 0x7f, 0xff, 0xff, 0xff, 0x95, 0x14, 0xfc,
    0xff, 0xff, 0x80, 0x13, 0xfc, 0xff, 0xff, 0x73,
    0x18, 0xfd, 0xff, 0xff, 0xed, 0x5, 0x0, 0x0,
    0x0, 0x0, 0x0, 0x26, 0xff, 0xff, 0xff, 0xea,
    0x65, 0xff, 0xff, 0xff, 0x31, 0x0, 0xc1, 0xff,
    0xff, 0xc0, 0x6c, 0xff, 0xff, 0xff, 0x99, 0x0,
    0x0, 0x0, 0x0, 0x0, 0x0, 0x0, 0xce, 0xff,
    0xff, 0xff, 0xe6, 0xff, 0xff, 0xe1, 0x0, 0x0,
    0x71, 0xff, 0xff, 0xfc, 0xd1, 0xff, 0xff, 0xff,
    0x41, 0x0, 0x0, 0x0, 0x0, 0x0, 0x0, 0x0,
    0x76, 0xff, 0xff, 0xff, 0xff, 0xff, 0xff, 0x92,
    0x0, 0x0, 0x21, 0xff, 0xff, 0xff, 0xff, 0xff,
    0xff, 0xe6, 0x2, 0x0, 0x0, 0x0, 0x0, 0x0,
    0x0, 0x0, 0x1e, 0xfe, 0xff, 0xff, 0xff, 0xff,
    0xff, 0x43, 0x0, 0x0, 0x0, 0xd2, 0xff, 0xff,
    0xff, 0xff, 0xff, 0x91, 0x0, 0x0, 0x0, 0x0,
    0x0, 0x0, 0x0, 0x0, 0x0, 0xc5, 0xff, 0xff,
    0xff, 0xff, 0xef, 0x5, 0x0, 0x0, 0x0, 0x82,
    0xff, 0xff, 0xff, 0xff, 0xff, 0x38, 0x0, 0x0,
    0x0, 0x0, 0x0, 0x0, 0x0, 0x0, 0x0, 0x6d,
    0xff, 0xff, 0xff, 0xff, 0xa4, 0x0, 0x0, 0x0,
    0x0, 0x33, 0xff, 0xff, 0xff, 0xff, 0xdf, 0x0,
    0x0, 0x0, 0x0, 0x0, 0x0, 0x0, 0x0, 0x0,
    0x0, 0x17, 0xfc, 0xff, 0xff, 0xff, 0x55, 0x0,
    0x0, 0x0, 0x0, 0x0, 0xe2, 0xff, 0xff, 0xff,
    0x88, 0x0, 0x0, 0x0, 0x0, 0x0, 0x0, 0x0,
    0x0, 0x0, 0x0, 0x0, 0xbd, 0xff, 0xff, 0xf9,
    0xd, 0x0, 0x0, 0x0, 0x0, 0x0, 0x94, 0xff,
    0xff, 0xff, 0x30, 0x0, 0x0, 0x0, 0x0, 0x0,
    0x0, 0x0, 0x0, 0x0, 0x0, 0x0, 0x64, 0xff,
    0xff, 0xb7, 0x0, 0x0, 0x0, 0x0, 0x0, 0x0,
    0x44, 0xff, 0xff, 0xd8, 0x0, 0x0, 0x0, 0x0,
    0x0, 0x0,

    /* U+0058 "X" */
    0x1c, 0xf2, 0xff, 0xff, 0xff, 0x6c, 0x0, 0x0,
    0x0, 0x0, 0x3, 0xcd, 0xff, 0xff, 0xff, 0xb2,
    0x0, 0x0, 0x6e, 0xff, 0xff, 0xff, 0xf2, 0x1c,
    0x0, 0x0, 0x0, 0x74, 0xff, 0xff, 0xff, 0xf2,
    0x1c, 0x0, 0x0, 0x2, 0xc9, 0xff, 0xff, 0xff,
    0xb1, 0x0, 0x0, 0x21, 0xf5, 0xff, 0xff, 0xff,
    0x6b, 0x0, 0x0, 0x0, 0x0, 0x2e, 0xfb, 0xff,
    0xff, 0xff, 0x53, 0x0, 0xb9, 0xff, 0xff, 0xff,
    0xc6, 0x2, 0x0, 0x0, 0x0, 0x0, 0x0, 0x88,
    0xff, 0xff, 0xff, 0xe5, 0x6c, 0xff, 0xff, 0xff,
    0xf9, 0x2a, 0x0, 0x0, 0x0, 0x0, 0x0, 0x0,
    0x9, 0xdc, 0xff, 0xff, 0xff, 0xff, 0xff, 0xff,
    0xff, 0x81, 0x0, 0x0, 0x0, 0x0, 0x0, 0x0,
    0x0, 0x0, 0x44, 0xff, 0xff, 0xff, 0xff, 0xff,
    0xff, 0xd7, 0x6, 0x0, 0x0, 0x0, 0x0, 0x0,
    0x0, 0x0, 0x0, 0x0, 0xa2, 0xff, 0xff, 0xff,
    0xff, 0xfe, 0x3c, 0x0, 0x0, 0x0, 0x0, 0x0,
    0x0, 0x0, 0x0, 0x0, 0x0, 0x50, 0xff, 0xff,
    0xff, 0xff, 0xee, 0x10, 0x0, 0x0, 0x0, 0x0,
    0x0, 0x0, 0x0, 0x0, 0x0, 0xa, 0xdd, 0xff,
    0xff, 0xff, 0xff, 0xff, 0x9d, 0x0, 0x0, 0x0,
    0x0, 0x0, 0x0, 0x0, 0x0, 0x0, 0x8e, 0xff,
    0xff, 0xff, 0xff, 0xff, 0xff, 0xff, 0x42, 0x0,
    0x0, 0x0, 0x0, 0x0, 0x0, 0x0, 0x36, 0xfd,
    0xff, 0xff, 0xfe, 0xc7, 0xff, 0xff, 0xff, 0xdc,
    0x9, 0x0, 0x0, 0x0, 0x0, 0x0, 0x5, 0xd3,
    0xff, 0xff, 0xff, 0x9a, 0x15, 0xec, 0xff, 0xff,
    0xff, 0x8a, 0x0, 0x0, 0x0, 0x0, 0x0, 0x80,
    0xff, 0xff, 0xff, 0xe7, 0x10, 0x0, 0x5e, 0xff,
    0xff, 0xff, 0xfc, 0x33, 0x0, 0x0, 0x0, 0x2b,
    0xf9, 0xff, 0xff, 0xff, 0x55, 0x0, 0x0, 0x0,
    0xb9, 0xff, 0xff, 0xff, 0xcf, 0x4, 0x0, 0x2,
    0xc8, 0xff, 0xff, 0xff, 0xb3, 0x0, 0x0, 0x0,
    0x0, 0x20, 0xf4, 0xff, 0xff, 0xff, 0x78, 0x0,
    0x71, 0xff, 0xff, 0xff, 0xf3, 0x1d, 0x0, 0x0,
    0x0, 0x0, 0x0, 0x72, 0xff, 0xff, 0xff, 0xf7,
    0x26,

    /* U+0059 "Y" */
    0x10, 0xeb, 0xff, 0xff, 0xf6, 0x1e, 0x0, 0x0,
    0x0, 0x0, 0x0, 0x3d, 0xff, 0xff, 0xff, 0xcd,
    0x1, 0x0, 0x6b, 0xff, 0xff, 0xff, 0xa7, 0x0,
    0x0, 0x0, 0x0, 0x2, 0xcd, 0xff, 0xff, 0xff,
    0x3f, 0x0, 0x0, 0x4, 0xd6, 0xff, 0xff, 0xff,
    0x3a, 0x0, 0x0, 0x0, 0x63, 0xff, 0xff, 0xff,
    0xad, 0x0, 0x0, 0x0, 0x0, 0x4a, 0xff, 0xff,
    0xff, 0xcb, 0x1, 0x0, 0xd, 0xe7, 0xff, 0xff,
    0xf9, 0x23, 0x0, 0x0, 0x0, 0x0, 0x0, 0xb9,
    0xff, 0xff, 0xff, 0x5f, 0x0, 0x88, 0xff, 0xff,
    0xff, 0x8c, 0x0, 0x0, 0x0, 0x0, 0x0, 0x0,
    0x2b, 0xfc, 0xff, 0xff, 0xe6, 0x2d, 0xf8, 0xff,
    0xff, 0xeb, 0x10, 0x0, 0x0, 0x0, 0x0, 0x0,
    0x0, 0x0, 0x97, 0xff, 0xff, 0xff, 0xf0, 0xff,
    0xff, 0xff, 0x6a, 0x0, 0x0, 0x0, 0x0, 0x0,
    0x0, 0x0, 0x0, 0x15, 0xf1, 0xff, 0xff, 0xff,
    0xff, 0xff, 0xd6, 0x4, 0x0, 0x0, 0x0, 0x0,
    0x0, 0x0, 0x0, 0x0, 0x0, 0x76, 0xff, 0xff,
    0xff, 0xff, 0xff, 0x49, 0x0, 0x0, 0x0, 0x0,
    0x0, 0x0, 0x0, 0x0, 0x0, 0x0, 0x7, 0xde,
    0xff, 0xff, 0xff, 0xb8, 0x0, 0x0, 0x0, 0x0,
    0x0, 0x0, 0x0, 0x0, 0x0, 0x0, 0x0, 0x0,
    0x79, 0xff, 0xff, 0xff, 0x4d, 0x0, 0x0, 0x0,
    0x0, 0x0, 0x0, 0x0, 0x0, 0x0, 0x0, 0x0,
    0x0, 0x74, 0xff, 0xff, 0xff, 0x48, 0x0, 0x0,
    0x0, 0x0, 0x0, 0x0, 0x0, 0x0, 0x0, 0x0,
    0x0, 0x0, 0x74, 0xff, 0xff, 0xff, 0x48, 0x0,
    0x0, 0x0, 0x0, 0x0, 0x0, 0x0, 0x0, 0x0,
    0x0, 0x0, 0x0, 0x74, 0xff, 0xff, 0xff, 0x48,
    0x0, 0x0, 0x0, 0x0, 0x0, 0x0, 0x0, 0x0,
    0x0, 0x0, 0x0, 0x0, 0x74, 0xff, 0xff, 0xff,
    0x48, 0x0, 0x0, 0x0, 0x0, 0x0, 0x0, 0x0,
    0x0, 0x0, 0x0, 0x0, 0x0, 0x74, 0xff, 0xff,
    0xff, 0x48, 0x0, 0x0, 0x0, 0x0, 0x0, 0x0,
    0x0, 0x0, 0x0, 0x0, 0x0, 0x0, 0x74, 0xff,
    0xff, 0xff, 0x48, 0x0, 0x0, 0x0, 0x0, 0x0,
    0x0,

    /* U+005A "Z" */
    0x9c, 0xff, 0xff, 0xff, 0xff, 0xff, 0xff, 0xff,
    0xff, 0xff, 0xff, 0xff, 0xff, 0xff, 0x0, 0x9c,
    0xff, 0xff, 0xff, 0xff, 0xff, 0xff, 0xff, 0xff,
    0xff, 0xff, 0xff, 0xff, 0xff, 0x0, 0x9c, 0xff,
    0xff, 0xff, 0xff, 0xff, 0xff, 0xff, 0xff, 0xff,
    0xff, 0xff, 0xff, 0xec, 0x0, 0x1f, 0x34, 0x34,
    0x34, 0x34, 0x34, 0x34, 0x34, 0x8a, 0xff, 0xff,
    0xff, 0xfd, 0x46, 0x0, 0x0, 0x0, 0x0, 0x0,
    0x0, 0x0, 0x0, 0x2b, 0xf4, 0xff, 0xff, 0xff,
    0x7b, 0x0, 0x0, 0x0, 0x0, 0x0, 0x0, 0x0,
    0x0, 0xd, 0xd9, 0xff, 0xff, 0xff, 0xb2, 0x1,
    0x0, 0x0, 0x0, 0x0, 0x0, 0x0, 0x0, 0x0,
    0xad, 0xff, 0xff, 0xff, 0xdb, 0xf, 0x0, 0x0,
    0x0, 0x0, 0x0, 0x0, 0x0, 0x0, 0x77, 0xff,
    0xff, 0xff, 0xf5, 0x2d, 0x0, 0x0, 0x0, 0x0,
    0x0, 0x0, 0x0, 0x0, 0x41, 0xfc, 0xff, 0xff,
    0xff, 0x5a, 0x0, 0x0, 0x0, 0x0, 0x0, 0x0,
    0x0, 0x0, 0x1c, 0xea, 0xff, 0xff, 0xff, 0x92,
    0x0, 0x0, 0x0, 0x0, 0x0, 0x0, 0x0, 0x0,
    0x6, 0xc8, 0xff, 0xff, 0xff, 0xc4, 0x5, 0x0,
    0x0, 0x0, 0x0, 0x0, 0x0, 0x0, 0x0, 0x96,
    0xff, 0xff, 0xff, 0xe7, 0x19, 0x0, 0x0, 0x0,
    0x0, 0x0, 0x0, 0x0, 0x0, 0x5d, 0xff, 0xff,
    0xff, 0xfb, 0x3d, 0x0, 0x0, 0x0, 0x0, 0x0,
    0x0, 0x0, 0x0, 0x2f, 0xf6, 0xff, 0xff, 0xff,
    0xa4, 0x3c, 0x3c, 0x3c, 0x3c, 0x3c, 0x3c, 0x3c,
    0x3c, 0x8, 0xcf, 0xff, 0xff, 0xff, 0xff, 0xff,
    0xff, 0xff, 0xff, 0xff, 0xff, 0xff, 0xff, 0xff,
    0x24, 0xe4, 0xff, 0xff, 0xff, 0xff, 0xff, 0xff,
    0xff, 0xff, 0xff, 0xff, 0xff, 0xff, 0xff, 0x24,
    0xe4, 0xff, 0xff, 0xff, 0xff, 0xff, 0xff, 0xff,
    0xff, 0xff, 0xff, 0xff, 0xff, 0xff, 0x24,

    /* U+005B "[" */
    0x28, 0xff, 0xff, 0xff, 0xff, 0xff, 0xff, 0x4,
    0x28, 0xff, 0xff, 0xff, 0xff, 0xff, 0xff, 0x4,
    0x28, 0xff, 0xff, 0xf9, 0xb0, 0xb0, 0xb0, 0x2,
    0x28, 0xff, 0xff, 0xec, 0x0, 0x0, 0x0, 0x0,
    0x28, 0xff, 0xff, 0xec, 0x0, 0x0, 0x0, 0x0,
    0x28, 0xff, 0xff, 0xec, 0x0, 0x0, 0x0, 0x0,
    0x28, 0xff, 0xff, 0xec, 0x0, 0x0, 0x0, 0x0,
    0x28, 0xff, 0xff, 0xec, 0x0, 0x0, 0x0, 0x0,
    0x28, 0xff, 0xff, 0xec, 0x0, 0x0, 0x0, 0x0,
    0x28, 0xff, 0xff, 0xec, 0x0, 0x0, 0x0, 0x0,
    0x28, 0xff, 0xff, 0xec, 0x0, 0x0, 0x0, 0x0,
    0x28, 0xff, 0xff, 0xec, 0x0, 0x0, 0x0, 0x0,
    0x28, 0xff, 0xff, 0xec, 0x0, 0x0, 0x0, 0x0,
    0x28, 0xff, 0xff, 0xec, 0x0, 0x0, 0x0, 0x0,
    0x28, 0xff, 0xff, 0xec, 0x0, 0x0, 0x0, 0x0,
    0x28, 0xff, 0xff, 0xec, 0x0, 0x0, 0x0, 0x0,
    0x28, 0xff, 0xff, 0xec, 0x0, 0x0, 0x0, 0x0,
    0x28, 0xff, 0xff, 0xec, 0x0, 0x0, 0x0, 0x0,
    0x28, 0xff, 0xff, 0xf9, 0xb0, 0xb0, 0xb0, 0x2,
    0x28, 0xff, 0xff, 0xff, 0xff, 0xff, 0xff, 0x4,
    0x28, 0xff, 0xff, 0xff, 0xff, 0xff, 0xff, 0x4,

    /* U+005C "\\" */
    0x1c, 0xf9, 0xff, 0xff, 0x89, 0x0, 0x0, 0x0,
    0x0, 0x0, 0x0, 0x0, 0x0, 0x0, 0x0, 0x9a,
    0xff, 0xff, 0xf3, 0x12, 0x0, 0x0, 0x0, 0x0,
    0x0, 0x0, 0x0, 0x0, 0x0, 0x21, 0xfb, 0xff,
    0xff, 0x82, 0x0, 0x0, 0x0, 0x0, 0x0, 0x0,
    0x0, 0x0, 0x0, 0x0, 0xa2, 0xff, 0xff, 0xef,
    0xe, 0x0, 0x0, 0x0, 0x0, 0x0, 0x0, 0x0,
    0x0, 0x0, 0x28, 0xfd, 0xff, 0xff, 0x7a, 0x0,
    0x0, 0x0, 0x0, 0x0, 0x0, 0x0, 0x0, 0x0,
    0x0, 0xa9, 0xff, 0xff, 0xeb, 0xb, 0x0, 0x0,
    0x0, 0x0, 0x0, 0x0, 0x0, 0x0, 0x0, 0x2d,
    0xfe, 0xff, 0xff, 0x73, 0x0, 0x0, 0x0, 0x0,
    0x0, 0x0, 0x0, 0x0, 0x0, 0x0, 0xb1, 0xff,
    0xff, 0xe7, 0x8, 0x0, 0x0, 0x0, 0x0, 0x0,
    0x0, 0x0, 0x0, 0x0, 0x35, 0xff, 0xff, 0xff,
    0x6b, 0x0, 0x0, 0x0, 0x0, 0x0, 0x0, 0x0,
    0x0, 0x0, 0x0, 0xb8, 0xff, 0xff, 0xe1, 0x5,
    0x0, 0x0, 0x0, 0x0, 0x0, 0x0, 0x0, 0x0,
    0x0, 0x3b, 0xff, 0xff, 0xff, 0x64, 0x0, 0x0,
    0x0, 0x0, 0x0, 0x0, 0x0, 0x0, 0x0, 0x0,
    0xc0, 0xff, 0xff, 0xdc, 0x3, 0x0, 0x0, 0x0,
    0x0, 0x0, 0x0, 0x0, 0x0, 0x0, 0x44, 0xff,
    0xff, 0xff, 0x5c, 0x0, 0x0, 0x0, 0x0, 0x0,
    0x0, 0x0, 0x0, 0x0, 0x0, 0xc7, 0xff, 0xff,
    0xd6, 0x2, 0x0, 0x0, 0x0, 0x0, 0x0, 0x0,
    0x0, 0x0, 0x0, 0x4b, 0xff, 0xff, 0xff, 0x55,
    0x0, 0x0, 0x0, 0x0, 0x0, 0x0, 0x0, 0x0,
    0x0, 0x0, 0xce, 0xff, 0xff, 0xd0, 0x0, 0x0,
    0x0, 0x0, 0x0, 0x0, 0x0, 0x0, 0x0, 0x0,
    0x53, 0xff, 0xff, 0xff, 0x4d, 0x0, 0x0, 0x0,
    0x0, 0x0, 0x0, 0x0, 0x0, 0x0, 0x1, 0xd4,
    0xff, 0xff, 0xc9, 0x0,

    /* U+005D "]" */
    0xc, 0xff, 0xff, 0xff, 0xff, 0xff, 0xff, 0x20,
    0xc, 0xff, 0xff, 0xff, 0xff, 0xff, 0xff, 0x20,
    0x8, 0xb0, 0xb0, 0xb0, 0xfb, 0xff, 0xff, 0x20,
    0x0, 0x0, 0x0, 0x0, 0xf0, 0xff, 0xff, 0x20,
    0x0, 0x0, 0x0, 0x0, 0xf0, 0xff, 0xff, 0x20,
    0x0, 0x0, 0x0, 0x0, 0xf0, 0xff, 0xff, 0x20,
    0x0, 0x0, 0x0, 0x0, 0xf0, 0xff, 0xff, 0x20,
    0x0, 0x0, 0x0, 0x0, 0xf0, 0xff, 0xff, 0x20,
    0x0, 0x0, 0x0, 0x0, 0xf0, 0xff, 0xff, 0x20,
    0x0, 0x0, 0x0, 0x0, 0xf0, 0xff, 0xff, 0x20,
    0x0, 0x0, 0x0, 0x0, 0xf0, 0xff, 0xff, 0x20,
    0x0, 0x0, 0x0, 0x0, 0xf0, 0xff, 0xff, 0x20,
    0x0, 0x0, 0x0, 0x0, 0xf0, 0xff, 0xff, 0x20,
    0x0, 0x0, 0x0, 0x0, 0xf0, 0xff, 0xff, 0x20,
    0x0, 0x0, 0x0, 0x0, 0xf0, 0xff, 0xff, 0x20,
    0x0, 0x0, 0x0, 0x0, 0xf0, 0xff, 0xff, 0x20,
    0x0, 0x0, 0x0, 0x0, 0xf0, 0xff, 0xff, 0x20,
    0x0, 0x0, 0x0, 0x0, 0xf0, 0xff, 0xff, 0x20,
    0x8, 0xb0, 0xb0, 0xb0, 0xfb, 0xff, 0xff, 0x20,
    0xc, 0xff, 0xff, 0xff, 0xff, 0xff, 0xff, 0x20,
    0xc, 0xff, 0xff, 0xff, 0xff, 0xff, 0xff, 0x20,

    /* U+005E "^" */
    0x0, 0x0, 0x0, 0xd, 0x34, 0x34, 0x34, 0x2c,
    0x0, 0x0, 0x0, 0x0, 0x0, 0x0, 0x2, 0xb9,
    0xff, 0xff, 0xff, 0xff, 0x54, 0x0, 0x0, 0x0,
    0x0, 0x0, 0x85, 0xff, 0xff, 0xff, 0xff, 0xff,
    0xf3, 0x29, 0x0, 0x0, 0x0, 0x4d, 0xfe, 0xff,
    0xfd, 0x59, 0xba, 0xff, 0xff, 0xd7, 0xc, 0x0,
    0x23, 0xf0, 0xff, 0xff, 0x68, 0x0, 0xc, 0xc9,
    0xff, 0xff, 0xab, 0x0,

    /* U+005F "_" */
    0x7, 0x14, 0x14, 0x14, 0x14, 0x14, 0x14, 0x14,
    0x14, 0x14, 0x14, 0x14, 0x14, 0x14, 0xd, 0x64,
    0xff, 0xff, 0xff, 0xff, 0xff, 0xff, 0xff, 0xff,
    0xff, 0xff, 0xff, 0xff, 0xff, 0xac, 0x64, 0xff,
    0xff, 0xff, 0xff, 0xff, 0xff, 0xff, 0xff, 0xff,
    0xff, 0xff, 0xff, 0xff, 0xac,

    /* U+0060 "`" */
    0x0, 0x0, 0x0, 0x14, 0x0, 0x0, 0x0, 0x0,
    0x35, 0xa3, 0xf9, 0x6c, 0x0, 0x0, 0x63, 0xff,
    0xff, 0xff, 0xf7, 0x2e, 0x0, 0x0, 0x61, 0xf8,
    0xff, 0xff, 0xd6, 0xa, 0x0, 0x0, 0x35, 0xe3,
    0xff, 0xff, 0x9a,

    /* U+0061 "a" */
    0x0, 0x0, 0x3b, 0x97, 0xd1, 0xef, 0xfa, 0xe6,
    0xad, 0x40, 0x0, 0x0, 0x22, 0xc0, 0xff, 0xff,
    0xff, 0xff, 0xff, 0xff, 0xff, 0xff, 0x7e, 0x0,
    0x16, 0xea, 0xff, 0xff, 0xfd, 0xe2, 0xee, 0xff,
    0xff, 0xff, 0xfe, 0x31, 0x0, 0x50, 0xe1, 0x69,
    0x13, 0x0, 0x0, 0x74, 0xff, 0xff, 0xff, 0x84,
    0x0, 0x0, 0x7, 0x0, 0x0, 0x0, 0x0, 0x3,
    0xf9, 0xff, 0xff, 0xa4, 0x0, 0x1a, 0x8a, 0xd1,
    0xf3, 0xfe, 0xff, 0xff, 0xff, 0xff, 0xff, 0xac,
    0x31, 0xee, 0xff, 0xff, 0xff, 0xff, 0xff, 0xff,
    0xff, 0xff, 0xff, 0xac, 0xbe, 0xff, 0xff, 0xff,
    0xc3, 0x93, 0x8c, 0x8c, 0xfa, 0xff, 0xff, 0xac,
    0xf3, 0xff, 0xff, 0xbe, 0x0, 0x0, 0x0, 0xa,
    0xfc, 0xff, 0xff, 0xac, 0xe9, 0xff, 0xff, 0xd3,
    0x8, 0x0, 0x4, 0x90, 0xff, 0xff, 0xff, 0xac,
    0x9d, 0xff, 0xff, 0xff, 0xeb, 0xc3, 0xe6, 0xff,
    0xff, 0xff, 0xff, 0xac, 0x16, 0xd8, 0xff, 0xff,
    0xff, 0xff, 0xff, 0xf4, 0xe2, 0xff, 0xff, 0xac,
    0x0, 0xd, 0x83, 0xd7, 0xf9, 0xef, 0xad, 0x2b,
    0xb8, 0xff, 0xff, 0xac,

    /* U+0062 "b" */
    0x4c, 0xff, 0xff, 0xff, 0x4c, 0x0, 0x0, 0x0,
    0x0, 0x0, 0x0, 0x0, 0x0, 0x0, 0x4c, 0xff,
    0xff, 0xff, 0x4c, 0x0, 0x0, 0x0, 0x0, 0x0,
    0x0, 0x0, 0x0, 0x0, 0x4c, 0xff, 0xff, 0xff,
    0x4c, 0x0, 0x0, 0x0, 0x0, 0x0, 0x0, 0x0,
    0x0, 0x0, 0x4c, 0xff, 0xff, 0xff, 0x4c, 0x0,
    0x0, 0x0, 0x0, 0x0, 0x0, 0x0, 0x0, 0x0,
    0x4c, 0xff, 0xff, 0xff, 0x4c, 0x0, 0x0, 0x0,
    0x0, 0x0, 0x0, 0x0, 0x0, 0x0, 0x4c, 0xff,
    0xff, 0xff, 0x4c, 0x4c, 0xbc, 0xf0, 0xf6, 0xcf,
    0x72, 0x7, 0x0, 0x0, 0x4c, 0xff, 0xff, 0xff,
    0xc4, 0xff, 0xff, 0xff, 0xff, 0xff, 0xff, 0xcd,
    0x17, 0x0, 0x4c, 0xff, 0xff, 0xff, 0xff, 0xff,
    0xff, 0xff, 0xff, 0xff, 0xff, 0xff, 0xc7, 0x4,
    0x4c, 0xff, 0xff, 0xff, 0xff, 0xae, 0x23, 0x8,
    0x4f, 0xe9, 0xff, 0xff, 0xff, 0x62, 0x4c, 0xff,
    0xff, 0xff, 0xd3, 0x4, 0x0, 0x0, 0x0, 0x41,
    0xff, 0xff, 0xff, 0xbc, 0x4c, 0xff, 0xff, 0xff,
    0x6a, 0x0, 0x0, 0x0, 0x0, 0x0, 0xcd, 0xff,
    0xff, 0xec, 0x4c, 0xff, 0xff, 0xff, 0x4a, 0x0,
    0x0, 0x0, 0x0, 0x0, 0xab, 0xff, 0xff, 0xfa,
    0x4c, 0xff, 0xff, 0xff, 0x68, 0x0, 0x0, 0x0,
    0x0, 0x0, 0xcb, 0xff, 0xff, 0xe6, 0x4c, 0xff,
    0xff, 0xff, 0xd0, 0x3, 0x0, 0x0, 0x0, 0x3f,
    0xfe, 0xff, 0xff, 0xae, 0x4c, 0xff, 0xff, 0xff,
    0xff, 0xb7, 0x34, 0x1c, 0x62, 0xee, 0xff, 0xff,
    0xff, 0x4a, 0x4c, 0xff, 0xff, 0xff, 0xff, 0xff,
    0xff, 0xff, 0xff, 0xff, 0xff, 0xff, 0xac, 0x0,
    0x4c, 0xff, 0xff, 0xff, 0xa3, 0xfc, 0xff, 0xff,
    0xff, 0xff, 0xff, 0xb7, 0xb, 0x0, 0x4c, 0xff,
    0xff, 0xff, 0x4c, 0x37, 0xb4, 0xef, 0xf5, 0xc9,
    0x63, 0x2, 0x0, 0x0,

    /* U+0063 "c" */
    0x0, 0x0, 0x0, 0x0, 0x32, 0x9e, 0xde, 0xf8,
    0xed, 0xc1, 0x6f, 0xb, 0x0, 0x0, 0x0, 0x0,
    0x4, 0x8e, 0xff, 0xff, 0xff, 0xff, 0xff, 0xff,
    0xff, 0xe8, 0x45, 0x0, 0x0, 0x0, 0x9f, 0xff,
    0xff, 0xff, 0xff, 0xff, 0xff, 0xff, 0xff, 0xff,
    0xda, 0x4, 0x0, 0x4d, 0xff, 0xff, 0xff, 0xf0,
    0x78, 0x37, 0x34, 0x78, 0xe9, 0xf6, 0x30, 0x0,
    0x0, 0xb9, 0xff, 0xff, 0xf5, 0x27, 0x0, 0x0,
    0x0, 0x0, 0x17, 0x4a, 0x0, 0x0, 0x0, 0xf3,
    0xff, 0xff, 0xa0, 0x0, 0x0, 0x0, 0x0, 0x0,
    0x0, 0x0, 0x0, 0x0, 0x6, 0xff, 0xff, 0xff,
    0x81, 0x0, 0x0, 0x0, 0x0, 0x0, 0x0, 0x0,
    0x0, 0x0, 0x0, 0xf5, 0xff, 0xff, 0xa0, 0x0,
    0x0, 0x0, 0x0, 0x0, 0x0, 0x0, 0x0, 0x0,
    0x0, 0xbe, 0xff, 0xff, 0xf5, 0x27, 0x0, 0x0,
    0x0, 0x0, 0x46, 0x7a, 0x0, 0x0, 0x0, 0x56,
    0xff, 0xff, 0xff, 0xf0, 0x78, 0x39, 0x3c, 0x91,
    0xfc, 0xff, 0x68, 0x0, 0x0, 0x0, 0xac, 0xff,
    0xff, 0xff, 0xff, 0xff, 0xff, 0xff, 0xff, 0xff,
    0xed, 0x11, 0x0, 0x0, 0x7, 0x9c, 0xff, 0xff,
    0xff, 0xff, 0xff, 0xff, 0xff, 0xd6, 0x2c, 0x0,
    0x0, 0x0, 0x0, 0x0, 0x39, 0xa1, 0xdf, 0xf8,
    0xee, 0xc2, 0x68, 0x5, 0x0, 0x0,

    /* U+0064 "d" */
    0x0, 0x0, 0x0, 0x0, 0x0, 0x0, 0x0, 0x0,
    0x0, 0x0, 0x50, 0xff, 0xff, 0xff, 0x48, 0x0,
    0x0, 0x0, 0x0, 0x0, 0x0, 0x0, 0x0, 0x0,
    0x0, 0x50, 0xff, 0xff, 0xff, 0x48, 0x0, 0x0,
    0x0, 0x0, 0x0, 0x0, 0x0, 0x0, 0x0, 0x0,
    0x50, 0xff, 0xff, 0xff, 0x48, 0x0, 0x0, 0x0,
    0x0, 0x0, 0x0, 0x0, 0x0, 0x0, 0x0, 0x50,
    0xff, 0xff, 0xff, 0x48, 0x0, 0x0, 0x0, 0x0,
    0x0, 0x0, 0x0, 0x0, 0x0, 0x0, 0x50, 0xff,
    0xff, 0xff, 0x48, 0x0, 0x0, 0x0, 0x8, 0x74,
    0xd0, 0xf6, 0xef, 0xba, 0x4a, 0x50, 0xff, 0xff,
    0xff, 0x48, 0x0, 0x0, 0x19, 0xcf, 0xff, 0xff,
    0xff, 0xff, 0xff, 0xff, 0xc4, 0xff, 0xff, 0xff,
    0x48, 0x0, 0x5, 0xcb, 0xff, 0xff, 0xff, 0xff,
    0xff, 0xff, 0xff, 0xff, 0xff, 0xff, 0xff, 0x48,
    0x0, 0x66, 0xff, 0xff, 0xff, 0xe8, 0x4e, 0x8,
    0x25, 0xb4, 0xff, 0xff, 0xff, 0xff, 0x48, 0x0,
    0xc1, 0xff, 0xff, 0xff, 0x40, 0x0, 0x0, 0x0,
    0x6, 0xdc, 0xff, 0xff, 0xff, 0x48, 0x0, 0xf1,
    0xff, 0xff, 0xcc, 0x0, 0x0, 0x0, 0x0, 0x0,
    0x72, 0xff, 0xff, 0xff, 0x48, 0x0, 0xfd, 0xff,
    0xff, 0xa6, 0x0, 0x0, 0x0, 0x0, 0x0, 0x4e,
    0xff, 0xff, 0xff, 0x48, 0x0, 0xeb, 0xff, 0xff,
    0xc0, 0x0, 0x0, 0x0, 0x0, 0x0, 0x68, 0xff,
    0xff, 0xff, 0x48, 0x0, 0xb3, 0xff, 0xff, 0xf9,
    0x28, 0x0, 0x0, 0x0, 0x0, 0xc3, 0xff, 0xff,
    0xff, 0x48, 0x0, 0x4f, 0xff, 0xff, 0xff, 0xd8,
    0x32, 0x0, 0xb, 0x96, 0xff, 0xff, 0xff, 0xff,
    0x48, 0x0, 0x0, 0xb1, 0xff, 0xff, 0xff, 0xff,
    0xec, 0xfc, 0xff, 0xff, 0xff, 0xff, 0xff, 0x48,
    0x0, 0x0, 0xc, 0xba, 0xff, 0xff, 0xff, 0xff,
    0xff, 0xff, 0xbe, 0xff, 0xff, 0xff, 0x48, 0x0,
    0x0, 0x0, 0x2, 0x65, 0xca, 0xf5, 0xf0, 0xba,
    0x45, 0x50, 0xff, 0xff, 0xff, 0x48,

    /* U+0065 "e" */
    0x0, 0x0, 0x0, 0x0, 0x46, 0xad, 0xe6, 0xfa,
    0xec, 0xbd, 0x66, 0x7, 0x0, 0x0, 0x0, 0x0,
    0xa, 0xa8, 0xff, 0xff, 0xff, 0xff, 0xff, 0xff,
    0xff, 0xd4, 0x25, 0x0, 0x0, 0x1, 0xb4, 0xff,
    0xff, 0xff, 0xff, 0xf8, 0xff, 0xff, 0xff, 0xff,
    0xe2, 0xf, 0x0, 0x58, 0xff, 0xff, 0xff, 0xab,
    0x25, 0x0, 0x17, 0x9d, 0xff, 0xff, 0xff, 0x81,
    0x0, 0xba, 0xff, 0xff, 0xd3, 0x1, 0x0, 0x0,
    0x0, 0x1, 0xdd, 0xff, 0xff, 0xcc, 0x0, 0xee,
    0xff, 0xff, 0xff, 0xff, 0xff, 0xff, 0xff, 0xff,
    0xff, 0xff, 0xff, 0xe9, 0x0, 0xfe, 0xff, 0xff,
    0xff, 0xff, 0xff, 0xff, 0xff, 0xff, 0xff, 0xff,
    0xff, 0xf0, 0x0, 0xee, 0xff, 0xff, 0xd1, 0x88,
    0x88, 0x88, 0x88, 0x88, 0x88, 0x88, 0x88, 0x7f,
    0x0, 0xba, 0xff, 0xff, 0xe2, 0xd, 0x0, 0x0,
    0x0, 0x0, 0x12, 0x2, 0x0, 0x0, 0x0, 0x59,
    0xff, 0xff, 0xff, 0xc6, 0x35, 0x2, 0x6, 0x50,
    0xde, 0x96, 0x0, 0x0, 0x0, 0x1, 0xb7, 0xff,
    0xff, 0xff, 0xff, 0xf9, 0xfd, 0xff, 0xff, 0xff,
    0x7f, 0x0, 0x0, 0x0, 0xc, 0xae, 0xff, 0xff,
    0xff, 0xff, 0xff, 0xff, 0xff, 0xe7, 0x3f, 0x0,
    0x0, 0x0, 0x0, 0x0, 0x48, 0xab, 0xe4, 0xf9,
    0xef, 0xc6, 0x75, 0xc, 0x0, 0x0,

    /* U+0066 "f" */
    0x0, 0x0, 0x0, 0x1, 0x69, 0xd0, 0xf8, 0xee,
    0xae, 0x32, 0x0, 0x0, 0x0, 0x0, 0xa3, 0xff,
    0xff, 0xff, 0xff, 0xff, 0xfa, 0x20, 0x0, 0x0,
    0x45, 0xff, 0xff, 0xff, 0xff, 0xf8, 0xff, 0xb4,
    0x0, 0x0, 0x0, 0x8c, 0xff, 0xff, 0xff, 0x44,
    0x3, 0x57, 0x29, 0x0, 0x0, 0x0, 0x9f, 0xff,
    0xff, 0xff, 0x1, 0x0, 0x0, 0x0, 0x0, 0x24,
    0xff, 0xff, 0xff, 0xff, 0xff, 0xff, 0xff, 0xff,
    0x20, 0x0, 0x24, 0xff, 0xff, 0xff, 0xff, 0xff,
    0xff, 0xff, 0xff, 0x20, 0x0, 0x14, 0x90, 0xd6,
    0xff, 0xff, 0xff, 0x90, 0x90, 0x90, 0x12, 0x0,
    0x0, 0x0, 0xa0, 0xff, 0xff, 0xff, 0x0, 0x0,
    0x0, 0x0, 0x0, 0x0, 0x0, 0xa0, 0xff, 0xff,
    0xff, 0x0, 0x0, 0x0, 0x0, 0x0, 0x0, 0x0,
    0xa0, 0xff, 0xff, 0xff, 0x0, 0x0, 0x0, 0x0,
    0x0, 0x0, 0x0, 0xa0, 0xff, 0xff, 0xff, 0x0,
    0x0, 0x0, 0x0, 0x0, 0x0, 0x0, 0xa0, 0xff,
    0xff, 0xff, 0x0, 0x0, 0x0, 0x0, 0x0, 0x0,
    0x0, 0xa0, 0xff, 0xff, 0xff, 0x0, 0x0, 0x0,
    0x0, 0x0, 0x0, 0x0, 0xa0, 0xff, 0xff, 0xff,
    0x0, 0x0, 0x0, 0x0, 0x0, 0x0, 0x0, 0xa0,
    0xff, 0xff, 0xff, 0x0, 0x0, 0x0, 0x0, 0x0,
    0x0, 0x0, 0xa0, 0xff, 0xff, 0xff, 0x0, 0x0,
    0x0, 0x0, 0x0, 0x0, 0x0, 0xa0, 0xff, 0xff,
    0xff, 0x0, 0x0, 0x0, 0x0, 0x0,

    /* U+0067 "g" */
    0x0, 0x0, 0x3, 0x66, 0xca, 0xf5, 0xee, 0xb3,
    0x36, 0x4c, 0xff, 0xff, 0xff, 0x4c, 0x0, 0xd,
    0xbc, 0xff, 0xff, 0xff, 0xff, 0xff, 0xfc, 0xa2,
    0xff, 0xff, 0xff, 0x4c, 0x0, 0xb3, 0xff, 0xff,
    0xff, 0xff, 0xff, 0xff, 0xff, 0xff, 0xff, 0xff,
    0xff, 0x4c, 0x4d, 0xff, 0xff, 0xff, 0xea, 0x5e,
    0x1b, 0x32, 0xb0, 0xff, 0xff, 0xff, 0xff, 0x4c,
    0xae, 0xff, 0xff, 0xfd, 0x37, 0x0, 0x0, 0x0,
    0x1, 0xc9, 0xff, 0xff, 0xff, 0x4c, 0xe4, 0xff,
    0xff, 0xc8, 0x0, 0x0, 0x0, 0x0, 0x0, 0x66,
    0xff, 0xff, 0xff, 0x4c, 0xf6, 0xff, 0xff, 0xaa,
    0x0, 0x0, 0x0, 0x0, 0x0, 0x4a, 0xff, 0xff,
    0xff, 0x4c, 0xeb, 0xff, 0xff, 0xca, 0x0, 0x0,
    0x0, 0x0, 0x0, 0x68, 0xff, 0xff, 0xff, 0x4c,
    0xbf, 0xff, 0xff, 0xfe, 0x37, 0x0, 0x0, 0x0,
    0x1, 0xcc, 0xff, 0xff, 0xff, 0x4c, 0x69, 0xff,
    0xff, 0xff, 0xe7, 0x52, 0xf, 0x27, 0xac, 0xff,
    0xff, 0xff, 0xff, 0x4c, 0x7, 0xd2, 0xff, 0xff,
    0xff, 0xff, 0xff, 0xff, 0xff, 0xff, 0xff, 0xff,
    0xff, 0x4c, 0x0, 0x1f, 0xd5, 0xff, 0xff, 0xff,
    0xff, 0xff, 0xff, 0xc4, 0xd7, 0xff, 0xff, 0x45,
    0x0, 0x0, 0xa, 0x75, 0xcd, 0xf5, 0xf4, 0xca,
    0x6c, 0xa, 0xf0, 0xff, 0xff, 0x2d, 0x0, 0x0,
    0x15, 0x0, 0x0, 0x0, 0x0, 0x0, 0x0, 0x7e,
    0xff, 0xff, 0xee, 0x4, 0x0, 0x36, 0xf8, 0xa0,
    0x51, 0x2c, 0x35, 0x58, 0xbc, 0xff, 0xff, 0xff,
    0x92, 0x0, 0x0, 0xc4, 0xff, 0xff, 0xff, 0xff,
    0xff, 0xff, 0xff, 0xff, 0xff, 0xe0, 0x12, 0x0,
    0x8, 0xa4, 0xff, 0xff, 0xff, 0xff, 0xff, 0xff,
    0xff, 0xff, 0xca, 0x1f, 0x0, 0x0, 0x0, 0x0,
    0x2a, 0x8a, 0xc9, 0xef, 0xfb, 0xe9, 0xb5, 0x5a,
    0x3, 0x0, 0x0, 0x0,

    /* U+0068 "h" */
    0x4c, 0xff, 0xff, 0xff, 0x4c, 0x0, 0x0, 0x0,
    0x0, 0x0, 0x0, 0x0, 0x0, 0x4c, 0xff, 0xff,
    0xff, 0x4c, 0x0, 0x0, 0x0, 0x0, 0x0, 0x0,
    0x0, 0x0, 0x4c, 0xff, 0xff, 0xff, 0x4c, 0x0,
    0x0, 0x0, 0x0, 0x0, 0x0, 0x0, 0x0, 0x4c,
    0xff, 0xff, 0xff, 0x4c, 0x0, 0x0, 0x0, 0x0,
    0x0, 0x0, 0x0, 0x0, 0x4c, 0xff, 0xff, 0xff,
    0x4c, 0x0, 0x0, 0x0, 0x0, 0x0, 0x0, 0x0,
    0x0, 0x4c, 0xff, 0xff, 0xff, 0x4c, 0x47, 0xbd,
    0xf3, 0xf2, 0xbc, 0x42, 0x0, 0x0, 0x4c, 0xff,
    0xff, 0xff, 0xc2, 0xff, 0xff, 0xff, 0xff, 0xff,
    0xfe, 0x68, 0x0, 0x4c, 0xff, 0xff, 0xff, 0xff,
    0xff, 0xff, 0xff, 0xff, 0xff, 0xff, 0xfb, 0x26,
    0x4c, 0xff, 0xff, 0xff, 0xff, 0x93, 0x28, 0x2a,
    0xb5, 0xff, 0xff, 0xff, 0x88, 0x4c, 0xff, 0xff,
    0xff, 0xb0, 0x0, 0x0, 0x0, 0x17, 0xfc, 0xff,
    0xff, 0xb8, 0x4c, 0xff, 0xff, 0xff, 0x63, 0x0,
    0x0, 0x0, 0x0, 0xe2, 0xff, 0xff, 0xc7, 0x4c,
    0xff, 0xff, 0xff, 0x4c, 0x0, 0x0, 0x0, 0x0,
    0xd4, 0xff, 0xff, 0xc8, 0x4c, 0xff, 0xff, 0xff,
    0x4c, 0x0, 0x0, 0x0, 0x0, 0xd4, 0xff, 0xff,
    0xc8, 0x4c, 0xff, 0xff, 0xff, 0x4c, 0x0, 0x0,
    0x0, 0x0, 0xd4, 0xff, 0xff, 0xc8, 0x4c, 0xff,
    0xff, 0xff, 0x4c, 0x0, 0x0, 0x0, 0x0, 0xd4,
    0xff, 0xff, 0xc8, 0x4c, 0xff, 0xff, 0xff, 0x4c,
    0x0, 0x0, 0x0, 0x0, 0xd4, 0xff, 0xff, 0xc8,
    0x4c, 0xff, 0xff, 0xff, 0x4c, 0x0, 0x0, 0x0,
    0x0, 0xd4, 0xff, 0xff, 0xc8, 0x4c, 0xff, 0xff,
    0xff, 0x4c, 0x0, 0x0, 0x0, 0x0, 0xd4, 0xff,
    0xff, 0xc8,

    /* U+0069 "i" */
    0xd, 0xb3, 0xf4, 0xb3, 0xd, 0x7a, 0xff, 0xff,
    0xff, 0x7a, 0x87, 0xff, 0xff, 0xff, 0x87, 0x1d,
    0xde, 0xff, 0xde, 0x1c, 0x0, 0x5, 0x24, 0x5,
    0x0, 0x4c, 0xff, 0xff, 0xff, 0x4c, 0x4c, 0xff,
    0xff, 0xff, 0x4c, 0x4c, 0xff, 0xff, 0xff, 0x4c,
    0x4c, 0xff, 0xff, 0xff, 0x4c, 0x4c, 0xff, 0xff,
    0xff, 0x4c, 0x4c, 0xff, 0xff, 0xff, 0x4c, 0x4c,
    0xff, 0xff, 0xff, 0x4c, 0x4c, 0xff, 0xff, 0xff,
    0x4c, 0x4c, 0xff, 0xff, 0xff, 0x4c, 0x4c, 0xff,
    0xff, 0xff, 0x4c, 0x4c, 0xff, 0xff, 0xff, 0x4c,
    0x4c, 0xff, 0xff, 0xff, 0x4c, 0x4c, 0xff, 0xff,
    0xff, 0x4c,

    /* U+006A "j" */
    0x0, 0x0, 0x0, 0x0, 0x0, 0x8e, 0xf1, 0xcd,
    0x27, 0x0, 0x0, 0x0, 0x0, 0x42, 0xff, 0xff,
    0xff, 0xb5, 0x0, 0x0, 0x0, 0x0, 0x4f, 0xff,
    0xff, 0xff, 0xc2, 0x0, 0x0, 0x0, 0x0, 0x5,
    0xbd, 0xff, 0xf1, 0x42, 0x0, 0x0, 0x0, 0x0,
    0x0, 0x1, 0x21, 0xc, 0x0, 0x0, 0x0, 0x0,
    0x0, 0x14, 0xff, 0xff, 0xff, 0x88, 0x0, 0x0,
    0x0, 0x0, 0x14, 0xff, 0xff, 0xff, 0x88, 0x0,
    0x0, 0x0, 0x0, 0x14, 0xff, 0xff, 0xff, 0x88,
    0x0, 0x0, 0x0, 0x0, 0x14, 0xff, 0xff, 0xff,
    0x88, 0x0, 0x0, 0x0, 0x0, 0x14, 0xff, 0xff,
    0xff, 0x88, 0x0, 0x0, 0x0, 0x0, 0x14, 0xff,
    0xff, 0xff, 0x88, 0x0, 0x0, 0x0, 0x0, 0x14,
    0xff, 0xff, 0xff, 0x88, 0x0, 0x0, 0x0, 0x0,
    0x14, 0xff, 0xff, 0xff, 0x88, 0x0, 0x0, 0x0,
    0x0, 0x14, 0xff, 0xff, 0xff, 0x88, 0x0, 0x0,
    0x0, 0x0, 0x14, 0xff, 0xff, 0xff, 0x88, 0x0,
    0x0, 0x0, 0x0, 0x14, 0xff, 0xff, 0xff, 0x88,
    0x0, 0x0, 0x0, 0x0, 0x14, 0xff, 0xff, 0xff,
    0x88, 0x0, 0x0, 0x0, 0x0, 0x14, 0xff, 0xff,
    0xff, 0x88, 0x0, 0x0, 0x6, 0x0, 0x1f, 0xff,
    0xff, 0xff, 0x84, 0x0, 0x36, 0xda, 0x6a, 0xab,
    0xff, 0xff, 0xff, 0x69, 0x3, 0xcf, 0xff, 0xff,
    0xff, 0xff, 0xff, 0xfa, 0x1f, 0x36, 0xfb, 0xff,
    0xff, 0xff, 0xff, 0xff, 0x75, 0x0, 0x0, 0x32,
    0xae, 0xef, 0xf7, 0xc7, 0x51, 0x0, 0x0,

    /* U+006B "k" */
    0x4c, 0xff, 0xff, 0xff, 0x4c, 0x0, 0x0, 0x0,
    0x0, 0x0, 0x0, 0x0, 0x0, 0x0, 0x4c, 0xff,
    0xff, 0xff, 0x4c, 0x0, 0x0, 0x0, 0x0, 0x0,
    0x0, 0x0, 0x0, 0x0, 0x4c, 0xff, 0xff, 0xff,
    0x4c, 0x0, 0x0, 0x0, 0x0, 0x0, 0x0, 0x0,
    0x0, 0x0, 0x4c, 0xff, 0xff, 0xff, 0x4c, 0x0,
    0x0, 0x0, 0x0, 0x0, 0x0, 0x0, 0x0, 0x0,
    0x4c, 0xff, 0xff, 0xff, 0x4c, 0x0, 0x0, 0x0,
    0x0, 0x0, 0x0, 0x0, 0x0, 0x0, 0x4c, 0xff,
    0xff, 0xff, 0x4c, 0x0, 0x0, 0x35, 0xf2, 0xff,
    0xff, 0xfe, 0x61, 0x0, 0x4c, 0xff, 0xff, 0xff,
    0x4c, 0x0, 0x2a, 0xec, 0xff, 0xff, 0xff, 0x70,
    0x0, 0x0, 0x4c, 0xff, 0xff, 0xff, 0x4c, 0x20,
    0xe5, 0xff, 0xff, 0xff, 0x81, 0x0, 0x0, 0x0,
    0x4c, 0xff, 0xff, 0xff, 0x64, 0xdc, 0xff, 0xff,
    0xff, 0x91, 0x0, 0x0, 0x0, 0x0, 0x4c, 0xff,
    0xff, 0xff, 0xf5, 0xff, 0xff, 0xff, 0xa1, 0x1,
    0x0, 0x0, 0x0, 0x0, 0x4c, 0xff, 0xff, 0xff,
    0xff, 0xff, 0xff, 0xfd, 0x23, 0x0, 0x0, 0x0,
    0x0, 0x0, 0x4c, 0xff, 0xff, 0xff, 0xff, 0xff,
    0xff, 0xff, 0xbc, 0x0, 0x0, 0x0, 0x0, 0x0,
    0x4c, 0xff, 0xff, 0xff, 0xff, 0xff, 0xff, 0xff,
    0xff, 0x66, 0x0, 0x0, 0x0, 0x0, 0x4c, 0xff,
    0xff, 0xff, 0xe5, 0x5a, 0xfd, 0xff, 0xff, 0xf2,
    0x1e, 0x0, 0x0, 0x0, 0x4c, 0xff, 0xff, 0xff,
    0x54, 0x0, 0x8c, 0xff, 0xff, 0xff, 0xb9, 0x0,
    0x0, 0x0, 0x4c, 0xff, 0xff, 0xff, 0x4c, 0x0,
    0x9, 0xda, 0xff, 0xff, 0xff, 0x63, 0x0, 0x0,
    0x4c, 0xff, 0xff, 0xff, 0x4c, 0x0, 0x0, 0x3c,
    0xfd, 0xff, 0xff, 0xf0, 0x1c, 0x0, 0x4c, 0xff,
    0xff, 0xff, 0x4c, 0x0, 0x0, 0x0, 0x91, 0xff,
    0xff, 0xff, 0xb6, 0x0,

    /* U+006C "l" */
    0x4c, 0xff, 0xff, 0xff, 0x4c, 0x4c, 0xff, 0xff,
    0xff, 0x4c, 0x4c, 0xff, 0xff, 0xff, 0x4c, 0x4c,
    0xff, 0xff, 0xff, 0x4c, 0x4c, 0xff, 0xff, 0xff,
    0x4c, 0x4c, 0xff, 0xff, 0xff, 0x4c, 0x4c, 0xff,
    0xff, 0xff, 0x4c, 0x4c, 0xff, 0xff, 0xff, 0x4c,
    0x4c, 0xff, 0xff, 0xff, 0x4c, 0x4c, 0xff, 0xff,
    0xff, 0x4c, 0x4c, 0xff, 0xff, 0xff, 0x4c, 0x4c,
    0xff, 0xff, 0xff, 0x4c, 0x4c, 0xff, 0xff, 0xff,
    0x4c, 0x4c, 0xff, 0xff, 0xff, 0x4c, 0x4c, 0xff,
    0xff, 0xff, 0x4c, 0x4c, 0xff, 0xff, 0xff, 0x4c,
    0x4c, 0xff, 0xff, 0xff, 0x4c, 0x4c, 0xff, 0xff,
    0xff, 0x4c,

    /* U+006D "m" */
    0x4c, 0xff, 0xff, 0xff, 0x4e, 0x69, 0xd0, 0xf7,
    0xe2, 0x8a, 0xc, 0x0, 0x3, 0x66, 0xc4, 0xf1,
    0xf5, 0xcc, 0x6e, 0x3, 0x0, 0x0, 0x4c, 0xff,
    0xff, 0xff, 0xe0, 0xff, 0xff, 0xff, 0xff, 0xff,
    0xd0, 0x1c, 0xca, 0xff, 0xff, 0xff, 0xff, 0xff,
    0xff, 0xb8, 0x4, 0x0, 0x4c, 0xff, 0xff, 0xff,
    0xff, 0xff, 0xee, 0xf2, 0xff, 0xff, 0xff, 0xf4,
    0xff, 0xff, 0xf7, 0xe8, 0xff, 0xff, 0xff, 0xff,
    0x71, 0x0, 0x4c, 0xff, 0xff, 0xff, 0xfc, 0x5d,
    0x0, 0x3, 0xab, 0xff, 0xff, 0xff, 0xff, 0x93,
    0x7, 0x0, 0x53, 0xff, 0xff, 0xff, 0xce, 0x0,
    0x4c, 0xff, 0xff, 0xff, 0x99, 0x0, 0x0, 0x0,
    0x38, 0xff, 0xff, 0xff, 0xd8, 0x3, 0x0, 0x0,
    0x0, 0xc8, 0xff, 0xff, 0xf9, 0x0, 0x4c, 0xff,
    0xff, 0xff, 0x5d, 0x0, 0x0, 0x0, 0x18, 0xff,
    0xff, 0xff, 0xa0, 0x0, 0x0, 0x0, 0x0, 0xa1,
    0xff, 0xff, 0xff, 0x7, 0x4c, 0xff, 0xff, 0xff,
    0x4c, 0x0, 0x0, 0x0, 0x10, 0xff, 0xff, 0xff,
    0x90, 0x0, 0x0, 0x0, 0x0, 0x98, 0xff, 0xff,
    0xff, 0x8, 0x4c, 0xff, 0xff, 0xff, 0x4c, 0x0,
    0x0, 0x0, 0x10, 0xff, 0xff, 0xff, 0x90, 0x0,
    0x0, 0x0, 0x0, 0x98, 0xff, 0xff, 0xff, 0x8,
    0x4c, 0xff, 0xff, 0xff, 0x4c, 0x0, 0x0, 0x0,
    0x10, 0xff, 0xff, 0xff, 0x90, 0x0, 0x0, 0x0,
    0x0, 0x98, 0xff, 0xff, 0xff, 0x8, 0x4c, 0xff,
    0xff, 0xff, 0x4c, 0x0, 0x0, 0x0, 0x10, 0xff,
    0xff, 0xff, 0x90, 0x0, 0x0, 0x0, 0x0, 0x98,
    0xff, 0xff, 0xff, 0x8, 0x4c, 0xff, 0xff, 0xff,
    0x4c, 0x0, 0x0, 0x0, 0x10, 0xff, 0xff, 0xff,
    0x90, 0x0, 0x0, 0x0, 0x0, 0x98, 0xff, 0xff,
    0xff, 0x8, 0x4c, 0xff, 0xff, 0xff, 0x4c, 0x0,
    0x0, 0x0, 0x10, 0xff, 0xff, 0xff, 0x90, 0x0,
    0x0, 0x0, 0x0, 0x98, 0xff, 0xff, 0xff, 0x8,
    0x4c, 0xff, 0xff, 0xff, 0x4c, 0x0, 0x0, 0x0,
    0x10, 0xff, 0xff, 0xff, 0x90, 0x0, 0x0, 0x0,
    0x0, 0x98, 0xff, 0xff, 0xff, 0x8,

    /* U+006E "n" */
    0x4c, 0xff, 0xff, 0xff, 0x4d, 0x5f, 0xc6, 0xf4,
    0xf3, 0xbe, 0x45, 0x0, 0x0, 0x4c, 0xff, 0xff,
    0xff, 0xe1, 0xff, 0xff, 0xff, 0xff, 0xff, 0xfe,
    0x6b, 0x0, 0x4c, 0xff, 0xff, 0xff, 0xff, 0xf7,
    0xb4, 0xb6, 0xfc, 0xff, 0xff, 0xfb, 0x27, 0x4c,
    0xff, 0xff, 0xff, 0xf0, 0x2a, 0x0, 0x0, 0x5e,
    0xff, 0xff, 0xff, 0x89, 0x4c, 0xff, 0xff, 0xff,
    0x82, 0x0, 0x0, 0x0, 0x2, 0xf3, 0xff, 0xff,
    0xb8, 0x4c, 0xff, 0xff, 0xff, 0x55, 0x0, 0x0,
    0x0, 0x0, 0xd9, 0xff, 0xff, 0xc7, 0x4c, 0xff,
    0xff, 0xff, 0x4c, 0x0, 0x0, 0x0, 0x0, 0xd4,
    0xff, 0xff, 0xc8, 0x4c, 0xff, 0xff, 0xff, 0x4c,
    0x0, 0x0, 0x0, 0x0, 0xd4, 0xff, 0xff, 0xc8,
    0x4c, 0xff, 0xff, 0xff, 0x4c, 0x0, 0x0, 0x0,
    0x0, 0xd4, 0xff, 0xff, 0xc8, 0x4c, 0xff, 0xff,
    0xff, 0x4c, 0x0, 0x0, 0x0, 0x0, 0xd4, 0xff,
    0xff, 0xc8, 0x4c, 0xff, 0xff, 0xff, 0x4c, 0x0,
    0x0, 0x0, 0x0, 0xd4, 0xff, 0xff, 0xc8, 0x4c,
    0xff, 0xff, 0xff, 0x4c, 0x0, 0x0, 0x0, 0x0,
    0xd4, 0xff, 0xff, 0xc8, 0x4c, 0xff, 0xff, 0xff,
    0x4c, 0x0, 0x0, 0x0, 0x0, 0xd4, 0xff, 0xff,
    0xc8,

    /* U+006F "o" */
    0x0, 0x0, 0x0, 0x0, 0x3a, 0xa3, 0xe0, 0xf8,
    0xf0, 0xca, 0x7d, 0x10, 0x0, 0x0, 0x0, 0x0,
    0x0, 0x5, 0x97, 0xff, 0xff, 0xff, 0xff, 0xff,
    0xff, 0xff, 0xeb, 0x41, 0x0, 0x0, 0x0, 0x0,
    0x9f, 0xff, 0xff, 0xff, 0xff, 0xff, 0xff, 0xff,
    0xff, 0xff, 0xf7, 0x37, 0x0, 0x0, 0x4b, 0xff,
    0xff, 0xff, 0xe9, 0x5c, 0x1c, 0x2f, 0x9a, 0xff,
    0xff, 0xff, 0xd6, 0x3, 0x0, 0xb7, 0xff, 0xff,
    0xfd, 0x33, 0x0, 0x0, 0x0, 0x0, 0xa0, 0xff,
    0xff, 0xff, 0x46, 0x0, 0xf3, 0xff, 0xff, 0xbf,
    0x0, 0x0, 0x0, 0x0, 0x0, 0x2f, 0xff, 0xff,
    0xff, 0x82, 0x6, 0xff, 0xff, 0xff, 0x9e, 0x0,
    0x0, 0x0, 0x0, 0x0, 0xe, 0xff, 0xff, 0xff,
    0x95, 0x0, 0xf4, 0xff, 0xff, 0xbd, 0x0, 0x0,
    0x0, 0x0, 0x0, 0x2e, 0xff, 0xff, 0xff, 0x83,
    0x0, 0xba, 0xff, 0xff, 0xfc, 0x30, 0x0, 0x0,
    0x0, 0x0, 0x9d, 0xff, 0xff, 0xff, 0x49, 0x0,
    0x4e, 0xff, 0xff, 0xff, 0xe8, 0x5a, 0x1b, 0x2e,
    0x97, 0xff, 0xff, 0xff, 0xd9, 0x4, 0x0, 0x0,
    0xa4, 0xff, 0xff, 0xff, 0xff, 0xff, 0xff, 0xff,
    0xff, 0xff, 0xf8, 0x3c, 0x0, 0x0, 0x0, 0x6,
    0x9b, 0xff, 0xff, 0xff, 0xff, 0xff, 0xff, 0xff,
    0xec, 0x45, 0x0, 0x0, 0x0, 0x0, 0x0, 0x0,
    0x3c, 0xa4, 0xe1, 0xf9, 0xf1, 0xcb, 0x7e, 0x12,
    0x0, 0x0, 0x0,

    /* U+0070 "p" */
    0x4c, 0xff, 0xff, 0xff, 0x4d, 0x5b, 0xbf, 0xf0,
    0xf6, 0xce, 0x6e, 0x4, 0x0, 0x0, 0x4c, 0xff,
    0xff, 0xff, 0xe0, 0xff, 0xff, 0xff, 0xff, 0xff,
    0xff, 0xc4, 0x11, 0x0, 0x4c, 0xff, 0xff, 0xff,
    0xff, 0xff, 0xe9, 0xd0, 0xfb, 0xff, 0xff, 0xff,
    0xbc, 0x2, 0x4c, 0xff, 0xff, 0xff, 0xff, 0x7e,
    0x2, 0x0, 0x1e, 0xd0, 0xff, 0xff, 0xff, 0x57,
    0x4c, 0xff, 0xff, 0xff, 0xbe, 0x0, 0x0, 0x0,
    0x0, 0x2b, 0xfb, 0xff, 0xff, 0xb6, 0x4c, 0xff,
    0xff, 0xff, 0x63, 0x0, 0x0, 0x0, 0x0, 0x0,
    0xc7, 0xff, 0xff, 0xea, 0x4c, 0xff, 0xff, 0xff,
    0x49, 0x0, 0x0, 0x0, 0x0, 0x0, 0xab, 0xff,
    0xff, 0xfa, 0x4c, 0xff, 0xff, 0xff, 0x6b, 0x0,
    0x0, 0x0, 0x0, 0x0, 0xcf, 0xff, 0xff, 0xe8,
    0x4c, 0xff, 0xff, 0xff, 0xd5, 0x4, 0x0, 0x0,
    0x0, 0x45, 0xff, 0xff, 0xff, 0xb2, 0x4c, 0xff,
    0xff, 0xff, 0xff, 0xbc, 0x35, 0x1c, 0x65, 0xf1,
    0xff, 0xff, 0xff, 0x51, 0x4c, 0xff, 0xff, 0xff,
    0xff, 0xff, 0xff, 0xff, 0xff, 0xff, 0xff, 0xff,
    0xb6, 0x1, 0x4c, 0xff, 0xff, 0xff, 0xa5, 0xfd,
    0xff, 0xff, 0xff, 0xff, 0xff, 0xc0, 0xf, 0x0,
    0x4c, 0xff, 0xff, 0xff, 0x4c, 0x3a, 0xb7, 0xf0,
    0xf5, 0xcb, 0x69, 0x3, 0x0, 0x0, 0x4c, 0xff,
    0xff, 0xff, 0x4c, 0x0, 0x0, 0x0, 0x0, 0x0,
    0x0, 0x0, 0x0, 0x0, 0x4c, 0xff, 0xff, 0xff,
    0x4c, 0x0, 0x0, 0x0, 0x0, 0x0, 0x0, 0x0,
    0x0, 0x0, 0x4c, 0xff, 0xff, 0xff, 0x4c, 0x0,
    0x0, 0x0, 0x0, 0x0, 0x0, 0x0, 0x0, 0x0,
    0x4c, 0xff, 0xff, 0xff, 0x4c, 0x0, 0x0, 0x0,
    0x0, 0x0, 0x0, 0x0, 0x0, 0x0, 0x4c, 0xff,
    0xff, 0xff, 0x4c, 0x0, 0x0, 0x0, 0x0, 0x0,
    0x0, 0x0, 0x0, 0x0,

    /* U+0071 "q" */
    0x0, 0x0, 0x0, 0x3, 0x6a, 0xcd, 0xf6, 0xed,
    0xb1, 0x3c, 0x58, 0xff, 0xff, 0xff, 0x48, 0x0,
    0x0, 0x10, 0xc1, 0xff, 0xff, 0xff, 0xff, 0xff,
    0xfe, 0xc1, 0xff, 0xff, 0xff, 0x48, 0x0, 0x2,
    0xbb, 0xff, 0xff, 0xff, 0xff, 0xff, 0xff, 0xff,
    0xff, 0xff, 0xff, 0xff, 0x48, 0x0, 0x58, 0xff,
    0xff, 0xff, 0xe6, 0x4c, 0x8, 0x25, 0xb4, 0xff,
    0xff, 0xff, 0xff, 0x48, 0x0, 0xb9, 0xff, 0xff,
    0xfe, 0x3a, 0x0, 0x0, 0x0, 0x7, 0xdc, 0xff,
    0xff, 0xff, 0x48, 0x0, 0xee, 0xff, 0xff, 0xc8,
    0x0, 0x0, 0x0, 0x0, 0x0, 0x77, 0xff, 0xff,
    0xff, 0x48, 0x0, 0xfe, 0xff, 0xff, 0xa6, 0x0,
    0x0, 0x0, 0x0, 0x0, 0x56, 0xff, 0xff, 0xff,
    0x48, 0x0, 0xee, 0xff, 0xff, 0xc6, 0x0, 0x0,
    0x0, 0x0, 0x0, 0x74, 0xff, 0xff, 0xff, 0x48,
    0x0, 0xba, 0xff, 0xff, 0xfe, 0x3b, 0x0, 0x0,
    0x0, 0x6, 0xd9, 0xff, 0xff, 0xff, 0x48, 0x0,
    0x59, 0xff, 0xff, 0xff, 0xed, 0x5f, 0x1b, 0x36,
    0xbe, 0xff, 0xff, 0xff, 0xff, 0x48, 0x0, 0x2,
    0xba, 0xff, 0xff, 0xff, 0xff, 0xff, 0xff, 0xff,
    0xff, 0xff, 0xff, 0xff, 0x48, 0x0, 0x0, 0xf,
    0xba, 0xff, 0xff, 0xff, 0xff, 0xff, 0xff, 0xf6,
    0xff, 0xff, 0xff, 0x48, 0x0, 0x0, 0x0, 0x2,
    0x5c, 0xbf, 0xf1, 0xf9, 0xd3, 0x7a, 0x61, 0xff,
    0xff, 0xff, 0x48, 0x0, 0x0, 0x0, 0x0, 0x0,
    0x0, 0x0, 0x0, 0x0, 0x0, 0x58, 0xff, 0xff,
    0xff, 0x48, 0x0, 0x0, 0x0, 0x0, 0x0, 0x0,
    0x0, 0x0, 0x0, 0x0, 0x58, 0xff, 0xff, 0xff,
    0x48, 0x0, 0x0, 0x0, 0x0, 0x0, 0x0, 0x0,
    0x0, 0x0, 0x0, 0x58, 0xff, 0xff, 0xff, 0x48,
    0x0, 0x0, 0x0, 0x0, 0x0, 0x0, 0x0, 0x0,
    0x0, 0x0, 0x58, 0xff, 0xff, 0xff, 0x48, 0x0,
    0x0, 0x0, 0x0, 0x0, 0x0, 0x0, 0x0, 0x0,
    0x0, 0x58, 0xff, 0xff, 0xff, 0x48,

    /* U+0072 "r" */
    0x4c, 0xff, 0xff, 0xff, 0x4c, 0x36, 0xab, 0xec,
    0x2b, 0x4c, 0xff, 0xff, 0xff, 0xb8, 0xfe, 0xff,
    0xff, 0x2d, 0x4c, 0xff, 0xff, 0xff, 0xff, 0xff,
    0xff, 0xff, 0x2e, 0x4c, 0xff, 0xff, 0xff, 0xff,
    0xce, 0x4a, 0x23, 0x5, 0x4c, 0xff, 0xff, 0xff,
    0xf1, 0x12, 0x0, 0x0, 0x0, 0x4c, 0xff, 0xff,
    0xff, 0x92, 0x0, 0x0, 0x0, 0x0, 0x4c, 0xff,
    0xff, 0xff, 0x64, 0x0, 0x0, 0x0, 0x0, 0x4c,
    0xff, 0xff, 0xff, 0x4d, 0x0, 0x0, 0x0, 0x0,
    0x4c, 0xff, 0xff, 0xff, 0x4c, 0x0, 0x0, 0x0,
    0x0, 0x4c, 0xff, 0xff, 0xff, 0x4c, 0x0, 0x0,
    0x0, 0x0, 0x4c, 0xff, 0xff, 0xff, 0x4c, 0x0,
    0x0, 0x0, 0x0, 0x4c, 0xff, 0xff, 0xff, 0x4c,
    0x0, 0x0, 0x0, 0x0, 0x4c, 0xff, 0xff, 0xff,
    0x4c, 0x0, 0x0, 0x0, 0x0,

    /* U+0073 "s" */
    0x0, 0x0, 0x0, 0x43, 0xaf, 0xe7, 0xfa, 0xeb,
    0xb8, 0x5f, 0x6, 0x0, 0x0, 0x0, 0x81, 0xff,
    0xff, 0xff, 0xff, 0xff, 0xff, 0xff, 0xd9, 0xa,
    0x0, 0x35, 0xff, 0xff, 0xff, 0xe5, 0xc5, 0xdf,
    0xff, 0xff, 0x9f, 0x0, 0x0, 0x7b, 0xff, 0xff,
    0xe8, 0x5, 0x0, 0x0, 0x2c, 0xa2, 0x19, 0x0,
    0x0, 0x76, 0xff, 0xff, 0xfe, 0x89, 0x1f, 0x0,
    0x0, 0x0, 0x0, 0x0, 0x0, 0x23, 0xf6, 0xff,
    0xff, 0xff, 0xff, 0xcc, 0x7a, 0x14, 0x0, 0x0,
    0x0, 0x0, 0x3d, 0xd7, 0xff, 0xff, 0xff, 0xff,
    0xff, 0xf4, 0x64, 0x0, 0x0, 0x0, 0x0, 0x3,
    0x57, 0xb0, 0xf8, 0xff, 0xff, 0xff, 0xfc, 0x25,
    0x0, 0x0, 0xd, 0x0, 0x0, 0x0, 0x11, 0x93,
    0xff, 0xff, 0xff, 0x61, 0x0, 0x4a, 0xef, 0x73,
    0xf, 0x0, 0x0, 0x11, 0xfe, 0xff, 0xff, 0x5b,
    0x18, 0xea, 0xff, 0xff, 0xfb, 0xcd, 0xb9, 0xe6,
    0xff, 0xff, 0xf8, 0x19, 0x9, 0x8d, 0xfb, 0xff,
    0xff, 0xff, 0xff, 0xff, 0xff, 0xfe, 0x66, 0x0,
    0x0, 0x0, 0x1c, 0x7e, 0xc1, 0xec, 0xfb, 0xe9,
    0xac, 0x39, 0x0, 0x0,

    /* U+0074 "t" */
    0x0, 0x0, 0xa0, 0xff, 0xff, 0xff, 0x0, 0x0,
    0x0, 0x0, 0x0, 0x0, 0x0, 0xa0, 0xff, 0xff,
    0xff, 0x0, 0x0, 0x0, 0x0, 0x0, 0x0, 0x0,
    0xa0, 0xff, 0xff, 0xff, 0x0, 0x0, 0x0, 0x0,
    0x0, 0x0, 0x0, 0xa0, 0xff, 0xff, 0xff, 0x0,
    0x0, 0x0, 0x0, 0x0, 0x24, 0xff, 0xff, 0xff,
    0xff, 0xff, 0xff, 0xff, 0xff, 0x20, 0x0, 0x24,
    0xff, 0xff, 0xff, 0xff, 0xff, 0xff, 0xff, 0xff,
    0x20, 0x0, 0x14, 0x90, 0xd6, 0xff, 0xff, 0xff,
    0x90, 0x90, 0x90, 0x12, 0x0, 0x0, 0x0, 0xa0,
    0xff, 0xff, 0xff, 0x0, 0x0, 0x0, 0x0, 0x0,
    0x0, 0x0, 0xa0, 0xff, 0xff, 0xff, 0x0, 0x0,
    0x0, 0x0, 0x0, 0x0, 0x0, 0xa0, 0xff, 0xff,
    0xff, 0x0, 0x0, 0x0, 0x0, 0x0, 0x0, 0x0,
    0xa0, 0xff, 0xff, 0xff, 0x0, 0x0, 0x0, 0x0,
    0x0, 0x0, 0x0, 0xa0, 0xff, 0xff, 0xff, 0x0,
    0x0, 0x0, 0x0, 0x0, 0x0, 0x0, 0x9d, 0xff,
    0xff, 0xff, 0x8, 0x0, 0x0, 0x0, 0x0, 0x0,
    0x0, 0x84, 0xff, 0xff, 0xff, 0x80, 0x2d, 0x98,
    0x46, 0x0, 0x0, 0x0, 0x37, 0xff, 0xff, 0xff,
    0xff, 0xff, 0xff, 0xce, 0x1, 0x0, 0x0, 0x0,
    0x95, 0xff, 0xff, 0xff, 0xff, 0xff, 0xf5, 0x26,
    0x0, 0x0, 0x0, 0x0, 0x64, 0xd0, 0xf9, 0xeb,
    0xa4, 0x26, 0x0,

    /* U+0075 "u" */
    0x70, 0xff, 0xff, 0xff, 0x30, 0x0, 0x0, 0x0,
    0x0, 0xf8, 0xff, 0xff, 0xa8, 0x70, 0xff, 0xff,
    0xff, 0x30, 0x0, 0x0, 0x0, 0x0, 0xf8, 0xff,
    0xff, 0xa8, 0x70, 0xff, 0xff, 0xff, 0x30, 0x0,
    0x0, 0x0, 0x0, 0xf8, 0xff, 0xff, 0xa8, 0x70,
    0xff, 0xff, 0xff, 0x30, 0x0, 0x0, 0x0, 0x0,
    0xf8, 0xff, 0xff, 0xa8, 0x70, 0xff, 0xff, 0xff,
    0x30, 0x0, 0x0, 0x0, 0x0, 0xf8, 0xff, 0xff,
    0xa8, 0x70, 0xff, 0xff, 0xff, 0x30, 0x0, 0x0,
    0x0, 0x0, 0xf8, 0xff, 0xff, 0xa8, 0x70, 0xff,
    0xff, 0xff, 0x30, 0x0, 0x0, 0x0, 0x0, 0xf8,
    0xff, 0xff, 0xa8, 0x6f, 0xff, 0xff, 0xff, 0x3a,
    0x0, 0x0, 0x0, 0xa, 0xfe, 0xff, 0xff, 0xa8,
    0x62, 0xff, 0xff, 0xff, 0x62, 0x0, 0x0, 0x0,
    0x47, 0xff, 0xff, 0xff, 0xa8, 0x37, 0xff, 0xff,
    0xff, 0xd7, 0x1b, 0x0, 0x2f, 0xdd, 0xff, 0xff,
    0xff, 0xa8, 0x2, 0xd7, 0xff, 0xff, 0xff, 0xfe,
    0xed, 0xff, 0xff, 0xff, 0xff, 0xff, 0xa8, 0x0,
    0x33, 0xef, 0xff, 0xff, 0xff, 0xff, 0xff, 0xca,
    0xfa, 0xff, 0xff, 0xa8, 0x0, 0x0, 0x1f, 0x9a,
    0xe3, 0xfa, 0xe1, 0x89, 0xc, 0xf8, 0xff, 0xff,
    0xa8,

    /* U+0076 "v" */
    0xba, 0xff, 0xff, 0xf4, 0xd, 0x0, 0x0, 0x0,
    0x0, 0x6, 0xeb, 0xff, 0xff, 0xc9, 0x55, 0xff,
    0xff, 0xff, 0x66, 0x0, 0x0, 0x0, 0x0, 0x57,
    0xff, 0xff, 0xff, 0x64, 0x6, 0xea, 0xff, 0xff,
    0xcb, 0x0, 0x0, 0x0, 0x0, 0xbc, 0xff, 0xff,
    0xf3, 0xc, 0x0, 0x8c, 0xff, 0xff, 0xff, 0x30,
    0x0, 0x0, 0x22, 0xfe, 0xff, 0xff, 0x9b, 0x0,
    0x0, 0x28, 0xff, 0xff, 0xff, 0x95, 0x0, 0x0,
    0x86, 0xff, 0xff, 0xff, 0x36, 0x0, 0x0, 0x0,
    0xc3, 0xff, 0xff, 0xf0, 0xa, 0x4, 0xe6, 0xff,
    0xff, 0xd2, 0x0, 0x0, 0x0, 0x0, 0x5e, 0xff,
    0xff, 0xff, 0x5f, 0x50, 0xff, 0xff, 0xff, 0x6d,
    0x0, 0x0, 0x0, 0x0, 0x9, 0xf0, 0xff, 0xff,
    0xc3, 0xb4, 0xff, 0xff, 0xf7, 0x11, 0x0, 0x0,
    0x0, 0x0, 0x0, 0x95, 0xff, 0xff, 0xff, 0xfd,
    0xff, 0xff, 0xa4, 0x0, 0x0, 0x0, 0x0, 0x0,
    0x0, 0x30, 0xff, 0xff, 0xff, 0xff, 0xff, 0xff,
    0x3f, 0x0, 0x0, 0x0, 0x0, 0x0, 0x0, 0x0,
    0xcc, 0xff, 0xff, 0xff, 0xff, 0xda, 0x0, 0x0,
    0x0, 0x0, 0x0, 0x0, 0x0, 0x0, 0x67, 0xff,
    0xff, 0xff, 0xff, 0x76, 0x0, 0x0, 0x0, 0x0,
    0x0, 0x0, 0x0, 0x0, 0xd, 0xf4, 0xff, 0xff,
    0xfa, 0x17, 0x0, 0x0, 0x0, 0x0,

    /* U+0077 "w" */
    0x85, 0xff, 0xff, 0xff, 0x30, 0x0, 0x0, 0x0,
    0x17, 0xfd, 0xff, 0xff, 0xb4, 0x0, 0x0, 0x0,
    0x0, 0x91, 0xff, 0xff, 0xff, 0x28, 0x2f, 0xff,
    0xff, 0xff, 0x82, 0x0, 0x0, 0x0, 0x68, 0xff,
    0xff, 0xff, 0xf9, 0xe, 0x0, 0x0, 0x0, 0xe2,
    0xff, 0xff, 0xd2, 0x0, 0x0, 0xd8, 0xff, 0xff,
    0xd4, 0x0, 0x0, 0x0, 0xba, 0xff, 0xff, 0xff,
    0xff, 0x59, 0x0, 0x0, 0x35, 0xff, 0xff, 0xff,
    0x7b, 0x0, 0x0, 0x82, 0xff, 0xff, 0xff, 0x26,
    0x0, 0x11, 0xfb, 0xff, 0xff, 0xff, 0xff, 0xac,
    0x0, 0x0, 0x87, 0xff, 0xff, 0xff, 0x25, 0x0,
    0x0, 0x2b, 0xff, 0xff, 0xff, 0x78, 0x0, 0x5f,
    0xff, 0xff, 0xff, 0xff, 0xff, 0xf4, 0x9, 0x0,
    0xd8, 0xff, 0xff, 0xce, 0x0, 0x0, 0x0, 0x0,
    0xd5, 0xff, 0xff, 0xca, 0x0, 0xb2, 0xff, 0xff,
    0xff, 0xff, 0xff, 0xff, 0x51, 0x2b, 0xff, 0xff,
    0xff, 0x78, 0x0, 0x0, 0x0, 0x0, 0x7e, 0xff,
    0xff, 0xff, 0x29, 0xf7, 0xff, 0xff, 0xa9, 0xf2,
    0xff, 0xff, 0xa3, 0x7d, 0xff, 0xff, 0xff, 0x22,
    0x0, 0x0, 0x0, 0x0, 0x27, 0xff, 0xff, 0xff,
    0xc3, 0xff, 0xff, 0xff, 0x4a, 0xa5, 0xff, 0xff,
    0xf0, 0xd3, 0xff, 0xff, 0xcb, 0x0, 0x0, 0x0,
    0x0, 0x0, 0x0, 0xd1, 0xff, 0xff, 0xff, 0xff,
    0xff, 0xee, 0x5, 0x4f, 0xff, 0xff, 0xff, 0xff,
    0xff, 0xff, 0x74, 0x0, 0x0, 0x0, 0x0, 0x0,
    0x0, 0x7b, 0xff, 0xff, 0xff, 0xff, 0xff, 0x9c,
    0x0, 0x7, 0xf1, 0xff, 0xff, 0xff, 0xff, 0xff,
    0x1f, 0x0, 0x0, 0x0, 0x0, 0x0, 0x0, 0x24,
    0xff, 0xff, 0xff, 0xff, 0xff, 0x45, 0x0, 0x0,
    0xa3, 0xff, 0xff, 0xff, 0xff, 0xc7, 0x0, 0x0,
    0x0, 0x0, 0x0, 0x0, 0x0, 0x0, 0xce, 0xff,
    0xff, 0xff, 0xea, 0x3, 0x0, 0x0, 0x4d, 0xff,
    0xff, 0xff, 0xff, 0x71, 0x0, 0x0, 0x0, 0x0,
    0x0, 0x0, 0x0, 0x0, 0x77, 0xff, 0xff, 0xff,
    0x97, 0x0, 0x0, 0x0, 0x6, 0xf0, 0xff, 0xff,
    0xfe, 0x1c, 0x0, 0x0, 0x0, 0x0,

    /* U+0078 "x" */
    0x27, 0xf7, 0xff, 0xff, 0xfa, 0x2e, 0x0, 0x0,
    0x12, 0xe9, 0xff, 0xff, 0xfc, 0x39, 0x0, 0x73,
    0xff, 0xff, 0xff, 0xc9, 0x2, 0x0, 0xa4, 0xff,
    0xff, 0xff, 0x83, 0x0, 0x0, 0x2, 0xc4, 0xff,
    0xff, 0xff, 0x6f, 0x4b, 0xff, 0xff, 0xff, 0xcc,
    0x5, 0x0, 0x0, 0x0, 0x25, 0xf5, 0xff, 0xff,
    0xf3, 0xe5, 0xff, 0xff, 0xf6, 0x28, 0x0, 0x0,
    0x0, 0x0, 0x0, 0x6f, 0xff, 0xff, 0xff, 0xff,
    0xff, 0xff, 0x6b, 0x0, 0x0, 0x0, 0x0, 0x0,
    0x0, 0x1, 0xc1, 0xff, 0xff, 0xff, 0xff, 0xb8,
    0x0, 0x0, 0x0, 0x0, 0x0, 0x0, 0x0, 0x0,
    0x5a, 0xff, 0xff, 0xff, 0xff, 0x4f, 0x0, 0x0,
    0x0, 0x0, 0x0, 0x0, 0x0, 0xe, 0xe1, 0xff,
    0xff, 0xff, 0xff, 0xdd, 0xc, 0x0, 0x0, 0x0,
    0x0, 0x0, 0x0, 0x9f, 0xff, 0xff, 0xff, 0xff,
    0xff, 0xff, 0x9c, 0x0, 0x0, 0x0, 0x0, 0x0,
    0x4d, 0xff, 0xff, 0xff, 0xd6, 0xee, 0xff, 0xff,
    0xff, 0x4d, 0x0, 0x0, 0x0, 0x13, 0xe8, 0xff,
    0xff, 0xfa, 0x31, 0x55, 0xff, 0xff, 0xff, 0xe9,
    0x15, 0x0, 0x0, 0xaa, 0xff, 0xff, 0xff, 0x7d,
    0x0, 0x0, 0xa0, 0xff, 0xff, 0xff, 0xb0, 0x0,
    0x59, 0xff, 0xff, 0xff, 0xcb, 0x4, 0x0, 0x0,
    0xd, 0xdd, 0xff, 0xff, 0xff, 0x63,

    /* U+0079 "y" */
    0xb6, 0xff, 0xff, 0xfe, 0x22, 0x0, 0x0, 0x0,
    0x0, 0x9, 0xf0, 0xff, 0xff, 0xdb, 0x1, 0x50,
    0xff, 0xff, 0xff, 0x85, 0x0, 0x0, 0x0, 0x0,
    0x5e, 0xff, 0xff, 0xff, 0x77, 0x0, 0x4, 0xe6,
    0xff, 0xff, 0xe5, 0x3, 0x0, 0x0, 0x0, 0xc2,
    0xff, 0xff, 0xfb, 0x17, 0x0, 0x0, 0x87, 0xff,
    0xff, 0xff, 0x4c, 0x0, 0x0, 0x25, 0xff, 0xff,
    0xff, 0xad, 0x0, 0x0, 0x0, 0x23, 0xfe, 0xff,
    0xff, 0xb0, 0x0, 0x0, 0x89, 0xff, 0xff, 0xff,
    0x48, 0x0, 0x0, 0x0, 0x0, 0xbd, 0xff, 0xff,
    0xfb, 0x18, 0x4, 0xe7, 0xff, 0xff, 0xe1, 0x2,
    0x0, 0x0, 0x0, 0x0, 0x5a, 0xff, 0xff, 0xff,
    0x78, 0x51, 0xff, 0xff, 0xff, 0x7e, 0x0, 0x0,
    0x0, 0x0, 0x0, 0x8, 0xee, 0xff, 0xff, 0xda,
    0xb5, 0xff, 0xff, 0xfd, 0x1c, 0x0, 0x0, 0x0,
    0x0, 0x0, 0x0, 0x94, 0xff, 0xff, 0xff, 0xff,
    0xff, 0xff, 0xb4, 0x0, 0x0, 0x0, 0x0, 0x0,
    0x0, 0x0, 0x31, 0xff, 0xff, 0xff, 0xff, 0xff,
    0xff, 0x4f, 0x0, 0x0, 0x0, 0x0, 0x0, 0x0,
    0x0, 0x0, 0xd1, 0xff, 0xff, 0xff, 0xff, 0xe6,
    0x4, 0x0, 0x0, 0x0, 0x0, 0x0, 0x0, 0x0,
    0x0, 0x73, 0xff, 0xff, 0xff, 0xff, 0x85, 0x0,
    0x0, 0x0, 0x0, 0x0, 0x0, 0x0, 0x0, 0x0,
    0x1b, 0xfe, 0xff, 0xff, 0xfe, 0x22, 0x0, 0x0,
    0x0, 0x0, 0x0, 0x0, 0x2, 0x4, 0x0, 0x5,
    0xf6, 0xff, 0xff, 0xbb, 0x0, 0x0, 0x0, 0x0,
    0x0, 0x0, 0x0, 0x6d, 0xc8, 0x5e, 0x9c, 0xff,
    0xff, 0xff, 0x56, 0x0, 0x0, 0x0, 0x0, 0x0,
    0x0, 0x19, 0xf1, 0xff, 0xff, 0xff, 0xff, 0xff,
    0xdc, 0x6, 0x0, 0x0, 0x0, 0x0, 0x0, 0x0,
    0x66, 0xff, 0xff, 0xff, 0xff, 0xff, 0xf5, 0x41,
    0x0, 0x0, 0x0, 0x0, 0x0, 0x0, 0x0, 0x0,
    0x4b, 0xbf, 0xf4, 0xec, 0xae, 0x2f, 0x0, 0x0,
    0x0, 0x0, 0x0, 0x0, 0x0, 0x0,

    /* U+007A "z" */
    0x88, 0xff, 0xff, 0xff, 0xff, 0xff, 0xff, 0xff,
    0xff, 0xff, 0xe0, 0x0, 0x88, 0xff, 0xff, 0xff,
    0xff, 0xff, 0xff, 0xff, 0xff, 0xff, 0xe0, 0x0,
    0x7f, 0xf0, 0xf0, 0xf0, 0xf0, 0xf0, 0xfe, 0xff,
    0xff, 0xff, 0xd9, 0x0, 0x0, 0x0, 0x0, 0x0,
    0x0, 0x5f, 0xff, 0xff, 0xff, 0xfa, 0x43, 0x0,
    0x0, 0x0, 0x0, 0x0, 0x3f, 0xf9, 0xff, 0xff,
    0xff, 0x61, 0x0, 0x0, 0x0, 0x0, 0x0, 0x26,
    0xee, 0xff, 0xff, 0xff, 0x83, 0x0, 0x0, 0x0,
    0x0, 0x0, 0x14, 0xdc, 0xff, 0xff, 0xff, 0xa6,
    0x1, 0x0, 0x0, 0x0, 0x0, 0x7, 0xc3, 0xff,
    0xff, 0xff, 0xc3, 0x7, 0x0, 0x0, 0x0, 0x0,
    0x0, 0xa5, 0xff, 0xff, 0xff, 0xda, 0x13, 0x0,
    0x0, 0x0, 0x0, 0x0, 0x81, 0xff, 0xff, 0xff,
    0xec, 0x24, 0x0, 0x0, 0x0, 0x0, 0x0, 0x0,
    0xfb, 0xff, 0xff, 0xff, 0xfc, 0xf8, 0xf8, 0xf8,
    0xf8, 0xf8, 0xf8, 0x3a, 0xfc, 0xff, 0xff, 0xff,
    0xff, 0xff, 0xff, 0xff, 0xff, 0xff, 0xff, 0x3c,
    0xfc, 0xff, 0xff, 0xff, 0xff, 0xff, 0xff, 0xff,
    0xff, 0xff, 0xff, 0x3c,

    /* U+007B "{" */
    0x0, 0x0, 0x0, 0x2e, 0xb5, 0xe9, 0xff, 0x78,
    0x0, 0x0, 0x10, 0xe8, 0xff, 0xff, 0xff, 0x78,
    0x0, 0x0, 0x52, 0xff, 0xff, 0xff, 0xf6, 0x6c,
    0x0, 0x0, 0x71, 0xff, 0xff, 0xf5, 0xf, 0x0,
    0x0, 0x0, 0x74, 0xff, 0xff, 0xe8, 0x0, 0x0,
    0x0, 0x0, 0x74, 0xff, 0xff, 0xe8, 0x0, 0x0,
    0x0, 0x0, 0x74, 0xff, 0xff, 0xe8, 0x0, 0x0,
    0x0, 0x0, 0x74, 0xff, 0xff, 0xe8, 0x0, 0x0,
    0x0, 0x0, 0x8a, 0xff, 0xff, 0xe6, 0x0, 0x0,
    0x18, 0xe4, 0xfd, 0xff, 0xff, 0xbb, 0x0, 0x0,
    0x1c, 0xff, 0xff, 0xff, 0xff, 0x3e, 0x0, 0x0,
    0x1c, 0xff, 0xff, 0xff, 0xff, 0xb2, 0x0, 0x0,
    0x0, 0x0, 0x96, 0xff, 0xff, 0xe4, 0x0, 0x0,
    0x0, 0x0, 0x74, 0xff, 0xff, 0xe8, 0x0, 0x0,
    0x0, 0x0, 0x74, 0xff, 0xff, 0xe8, 0x0, 0x0,
    0x0, 0x0, 0x74, 0xff, 0xff, 0xe8, 0x0, 0x0,
    0x0, 0x0, 0x74, 0xff, 0xff, 0xe8, 0x0, 0x0,
    0x0, 0x0, 0x72, 0xff, 0xff, 0xf3, 0x14, 0x0,
    0x0, 0x0, 0x54, 0xff, 0xff, 0xff, 0xfc, 0x6e,
    0x0, 0x0, 0x12, 0xea, 0xff, 0xff, 0xff, 0x78,
    0x0, 0x0, 0x0, 0x30, 0xb7, 0xeb, 0xff, 0x78,

    /* U+007C "|" */
    0x29, 0xf0, 0xf0, 0xbf, 0x2c, 0xff, 0xff, 0xcc,
    0x2c, 0xff, 0xff, 0xcc, 0x2c, 0xff, 0xff, 0xcc,
    0x2c, 0xff, 0xff, 0xcc, 0x2c, 0xff, 0xff, 0xcc,
    0x2c, 0xff, 0xff, 0xcc, 0x2c, 0xff, 0xff, 0xcc,
    0x2c, 0xff, 0xff, 0xcc, 0x2c, 0xff, 0xff, 0xcc,
    0x2c, 0xff, 0xff, 0xcc, 0x2c, 0xff, 0xff, 0xcc,
    0x2c, 0xff, 0xff, 0xcc, 0x2c, 0xff, 0xff, 0xcc,
    0x2c, 0xff, 0xff, 0xcc, 0x2c, 0xff, 0xff, 0xcc,
    0x2c, 0xff, 0xff, 0xcc, 0x2c, 0xff, 0xff, 0xcc,
    0x2c, 0xff, 0xff, 0xcc, 0x2c, 0xff, 0xff, 0xcc,
    0x2c, 0xff, 0xff, 0xcc, 0x2c, 0xff, 0xff, 0xcc,

    /* U+007D "}" */
    0xd4, 0xfb, 0xdd, 0x8c, 0xc, 0x0, 0x0, 0xd4,
    0xff, 0xff, 0xff, 0x9d, 0x0, 0x0, 0xc7, 0xff,
    0xff, 0xff, 0xf4, 0x1, 0x0, 0x0, 0x65, 0xff,
    0xff, 0xff, 0x15, 0x0, 0x0, 0x44, 0xff, 0xff,
    0xff, 0x18, 0x0, 0x0, 0x44, 0xff, 0xff, 0xff,
    0x18, 0x0, 0x0, 0x44, 0xff, 0xff, 0xff, 0x18,
    0x0, 0x0, 0x44, 0xff, 0xff, 0xff, 0x18, 0x0,
    0x0, 0x42, 0xff, 0xff, 0xff, 0x2e, 0x0, 0x0,
    0x1b, 0xfd, 0xff, 0xff, 0xf5, 0xae, 0x0, 0x0,
    0x9b, 0xff, 0xff, 0xff, 0xc0, 0x0, 0x15, 0xf9,
    0xff, 0xff, 0xff, 0xc0, 0x0, 0x40, 0xff, 0xff,
    0xff, 0x3a, 0x0, 0x0, 0x44, 0xff, 0xff, 0xff,
    0x18, 0x0, 0x0, 0x44, 0xff, 0xff, 0xff, 0x18,
    0x0, 0x0, 0x44, 0xff, 0xff, 0xff, 0x18, 0x0,
    0x0, 0x44, 0xff, 0xff, 0xff, 0x18, 0x0, 0x0,
    0x5c, 0xff, 0xff, 0xff, 0x15, 0x0, 0xba, 0xfb,
    0xff, 0xff, 0xf4, 0x1, 0x0, 0xd4, 0xff, 0xff,
    0xff, 0x9e, 0x0, 0x0, 0xd4, 0xfc, 0xdf, 0x8d,
    0xd, 0x0, 0x0,

    /* U+007E "~" */
    0x0, 0x3, 0x7d, 0xd9, 0xdb, 0x86, 0xe, 0x0,
    0x0, 0x90, 0x8d, 0x36, 0x0, 0x0, 0x91, 0xff,
    0xff, 0xff, 0xff, 0xea, 0x65, 0xc, 0xcc, 0xff,
    0xff, 0x1c, 0x15, 0xfb, 0xff, 0xff, 0xff, 0xff,
    0xff, 0xff, 0xff, 0xff, 0xff, 0xe9, 0x1, 0x50,
    0xff, 0xff, 0xd3, 0x14, 0x67, 0xed, 0xff, 0xff,
    0xff, 0xff, 0x7d, 0x0, 0x16, 0x79, 0xd6, 0x82,
    0x0, 0x0, 0x13, 0x8f, 0xe9, 0xe0, 0x7b, 0x3,
    0x0, 0x0, 0x0, 0x0, 0xc, 0x0, 0x0, 0x0,
    0x0, 0x0, 0x0, 0x0, 0x0, 0x0
};

/*---------------------
 *  GLYPH DESCRIPTION
 *--------------------*/

static const lv_font_fmt_txt_glyph_dsc_t glyph_dsc[] = {
    {.bitmap_index = 0, .adv_w = 0, .box_w = 0, .box_h = 0, .ofs_x = 0, .ofs_y = 0} /* id = 0 reserved */,
    {.bitmap_index = 0, .adv_w = 101, .box_w = 0, .box_h = 0, .ofs_x = 0, .ofs_y = 0},
    {.bitmap_index = 0, .adv_w = 121, .box_w = 5, .box_h = 17, .ofs_x = 1, .ofs_y = 0},
    {.bitmap_index = 85, .adv_w = 166, .box_w = 8, .box_h = 7, .ofs_x = 1, .ofs_y = 10},
    {.bitmap_index = 141, .adv_w = 287, .box_w = 16, .box_h = 17, .ofs_x = 1, .ofs_y = 0},
    {.bitmap_index = 413, .adv_w = 244, .box_w = 15, .box_h = 20, .ofs_x = 0, .ofs_y = -2},
    {.bitmap_index = 713, .adv_w = 314, .box_w = 18, .box_h = 17, .ofs_x = 1, .ofs_y = 0},
    {.bitmap_index = 1019, .adv_w = 269, .box_w = 16, .box_h = 18, .ofs_x = 1, .ofs_y = -1},
    {.bitmap_index = 1307, .adv_w = 100, .box_w = 4, .box_h = 7, .ofs_x = 1, .ofs_y = 10},
    {.bitmap_index = 1335, .adv_w = 139, .box_w = 8, .box_h = 21, .ofs_x = 1, .ofs_y = -3},
    {.bitmap_index = 1503, .adv_w = 139, .box_w = 8, .box_h = 21, .ofs_x = 0, .ofs_y = -3},
    {.bitmap_index = 1671, .adv_w = 175, .box_w = 9, .box_h = 8, .ofs_x = 1, .ofs_y = 9},
    {.bitmap_index = 1743, .adv_w = 224, .box_w = 12, .box_h = 12, .ofs_x = 1, .ofs_y = 3},
    {.bitmap_index = 1887, .adv_w = 114, .box_w = 5, .box_h = 7, .ofs_x = 1, .ofs_y = -2},
    {.bitmap_index = 1922, .adv_w = 188, .box_w = 10, .box_h = 4, .ofs_x = 1, .ofs_y = 6},
    {.bitmap_index = 1962, .adv_w = 111, .box_w = 5, .box_h = 5, .ofs_x = 1, .ofs_y = 0},
    {.bitmap_index = 1987, .adv_w = 236, .box_w = 15, .box_h = 22, .ofs_x = 0, .ofs_y = -3},
    {.bitmap_index = 2317, .adv_w = 265, .box_w = 15, .box_h = 17, .ofs_x = 1, .ofs_y = 0},
    {.bitmap_index = 2572, .adv_w = 155, .box_w = 8, .box_h = 17, .ofs_x = 0, .ofs_y = 0},
    {.bitmap_index = 2708, .adv_w = 232, .box_w = 13, .box_h = 17, .ofs_x = 1, .ofs_y = 0},
    {.bitmap_index = 2929, .adv_w = 227, .box_w = 13, .box_h = 17, .ofs_x = 0, .ofs_y = 0},
    {.bitmap_index = 3150, .adv_w = 226, .box_w = 14, .box_h = 17, .ofs_x = 0, .ofs_y = 0},
    {.bitmap_index = 3388, .adv_w = 229, .box_w = 13, .box_h = 17, .ofs_x = 1, .ofs_y = 0},
    {.bitmap_index = 3609, .adv_w = 242, .box_w = 13, .box_h = 17, .ofs_x = 1, .ofs_y = 0},
    {.bitmap_index = 3830, .adv_w = 222, .box_w = 13, .box_h = 17, .ofs_x = 1, .ofs_y = 0},
    {.bitmap_index = 4051, .adv_w = 247, .box_w = 14, .box_h = 17, .ofs_x = 1, .ofs_y = 0},
    {.bitmap_index = 4289, .adv_w = 242, .box_w = 13, .box_h = 17, .ofs_x = 1, .ofs_y = 0},
    {.bitmap_index = 4510, .adv_w = 119, .box_w = 5, .box_h = 11, .ofs_x = 1, .ofs_y = 0},
    {.bitmap_index = 4565, .adv_w = 121, .box_w = 6, .box_h = 13, .ofs_x = 1, .ofs_y = -2},
    {.bitmap_index = 4643, .adv_w = 231, .box_w = 13, .box_h = 15, .ofs_x = 0, .ofs_y = 2},
    {.bitmap_index = 4838, .adv_w = 225, .box_w = 12, .box_h = 9, .ofs_x = 1, .ofs_y = 4},
    {.bitmap_index = 4946, .adv_w = 231, .box_w = 13, .box_h = 15, .ofs_x = 1, .ofs_y = 2},
    {.bitmap_index = 5141, .adv_w = 201, .box_w = 12, .box_h = 17, .ofs_x = 0, .ofs_y = 0},
    {.bitmap_index = 5345, .adv_w = 342, .box_w = 20, .box_h = 19, .ofs_x = 1, .ofs_y = -3},
    {.bitmap_index = 5725, .adv_w = 286, .box_w = 19, .box_h = 17, .ofs_x = -1, .ofs_y = 0},
    {.bitmap_index = 6048, .adv_w = 265, .box_w = 14, .box_h = 17, .ofs_x = 2, .ofs_y = 0},
    {.bitmap_index = 6286, .adv_w = 281, .box_w = 16, .box_h = 17, .ofs_x = 1, .ofs_y = 0},
    {.bitmap_index = 6558, .adv_w = 295, .box_w = 16, .box_h = 17, .ofs_x = 2, .ofs_y = 0},
    {.bitmap_index = 6830, .adv_w = 251, .box_w = 13, .box_h = 17, .ofs_x = 2, .ofs_y = 0},
    {.bitmap_index = 7051, .adv_w = 235, .box_w = 12, .box_h = 17, .ofs_x = 2, .ofs_y = 0},
    {.bitmap_index = 7255, .adv_w = 288, .box_w = 16, .box_h = 17, .ofs_x = 1, .ofs_y = 0},
    {.bitmap_index = 7527, .adv_w = 293, .box_w = 15, .box_h = 17, .ofs_x = 2, .ofs_y = 0},
    {.bitmap_index = 7782, .adv_w = 126, .box_w = 4, .box_h = 17, .ofs_x = 2, .ofs_y = 0},
    {.bitmap_index = 7850, .adv_w = 214, .box_w = 12, .box_h = 17, .ofs_x = 0, .ofs_y = 0},
    {.bitmap_index = 8054, .adv_w = 273, .box_w = 15, .box_h = 17, .ofs_x = 2, .ofs_y = 0},
    {.bitmap_index = 8309, .adv_w = 218, .box_w = 11, .box_h = 17, .ofs_x = 2, .ofs_y = 0},
    {.bitmap_index = 8496, .adv_w = 366, .box_w = 19, .box_h = 17, .ofs_x = 2, .ofs_y = 0},
    {.bitmap_index = 8819, .adv_w = 314, .box_w = 16, .box_h = 17, .ofs_x = 2, .ofs_y = 0},
    {.bitmap_index = 9091, .adv_w = 317, .box_w = 18, .box_h = 17, .ofs_x = 1, .ofs_y = 0},
    {.bitmap_index = 9397, .adv_w = 260, .box_w = 14, .box_h = 17, .ofs_x = 2, .ofs_y = 0},
    {.bitmap_index = 9635, .adv_w = 318, .box_w = 20, .box_h = 20, .ofs_x = 1, .ofs_y = -3},
    {.bitmap_index = 10035, .adv_w = 279, .box_w = 15, .box_h = 17, .ofs_x = 2, .ofs_y = 0},
    {.bitmap_index = 10290, .adv_w = 245, .box_w = 15, .box_h = 17, .ofs_x = 0, .ofs_y = 0},
    {.bitmap_index = 10545, .adv_w = 233, .box_w = 14, .box_h = 17, .ofs_x = 0, .ofs_y = 0},
    {.bitmap_index = 10783, .adv_w = 288, .box_w = 16, .box_h = 17, .ofs_x = 1, .ofs_y = 0},
    {.bitmap_index = 11055, .adv_w = 264, .box_w = 18, .box_h = 17, .ofs_x = -1, .ofs_y = 0},
    {.bitmap_index = 11361, .adv_w = 391, .box_w = 26, .box_h = 17, .ofs_x = -1, .ofs_y = 0},
    {.bitmap_index = 11803, .adv_w = 267, .box_w = 17, .box_h = 17, .ofs_x = 0, .ofs_y = 0},
    {.bitmap_index = 12092, .adv_w = 237, .box_w = 17, .box_h = 17, .ofs_x = -1, .ofs_y = 0},
    {.bitmap_index = 12381, .adv_w = 262, .box_w = 15, .box_h = 17, .ofs_x = 1, .ofs_y = 0},
    {.bitmap_index = 12636, .adv_w = 144, .box_w = 8, .box_h = 21, .ofs_x = 1, .ofs_y = -3},
    {.bitmap_index = 12804, .adv_w = 220, .box_w = 14, .box_h = 18, .ofs_x = 0, .ofs_y = 0},
    {.bitmap_index = 13056, .adv_w = 144, .box_w = 8, .box_h = 21, .ofs_x = 0, .ofs_y = -3},
    {.bitmap_index = 13224, .adv_w = 185, .box_w = 12, .box_h = 5, .ofs_x = 0, .ofs_y = 18},
    {.bitmap_index = 13284, .adv_w = 276, .box_w = 15, .box_h = 3, .ofs_x = 1, .ofs_y = -3},
    {.bitmap_index = 13329, .adv_w = 147, .box_w = 7, .box_h = 5, .ofs_x = 1, .ofs_y = 18},
    {.bitmap_index = 13364, .adv_w = 228, .box_w = 12, .box_h = 13, .ofs_x = 1, .ofs_y = 0},
    {.bitmap_index = 13520, .adv_w = 256, .box_w = 14, .box_h = 18, .ofs_x = 1, .ofs_y = 0},
    {.bitmap_index = 13772, .adv_w = 223, .box_w = 14, .box_h = 13, .ofs_x = 0, .ofs_y = 0},
    {.bitmap_index = 13954, .adv_w = 256, .box_w = 15, .box_h = 18, .ofs_x = 0, .ofs_y = 0},
    {.bitmap_index = 14224, .adv_w = 237, .box_w = 14, .box_h = 13, .ofs_x = 0, .ofs_y = 0},
    {.bitmap_index = 14406, .adv_w = 154, .box_w = 11, .box_h = 18, .ofs_x = 0, .ofs_y = 0},
    {.bitmap_index = 14604, .adv_w = 256, .box_w = 14, .box_h = 18, .ofs_x = 1, .ofs_y = -5},
    {.bitmap_index = 14856, .adv_w = 245, .box_w = 13, .box_h = 18, .ofs_x = 1, .ofs_y = 0},
    {.bitmap_index = 15090, .adv_w = 112, .box_w = 5, .box_h = 18, .ofs_x = 1, .ofs_y = 0},
    {.bitmap_index = 15180, .adv_w = 132, .box_w = 9, .box_h = 23, .ofs_x = -2, .ofs_y = -5},
    {.bitmap_index = 15387, .adv_w = 228, .box_w = 14, .box_h = 18, .ofs_x = 1, .ofs_y = 0},
    {.bitmap_index = 15639, .adv_w = 112, .box_w = 5, .box_h = 18, .ofs_x = 1, .ofs_y = 0},
    {.bitmap_index = 15729, .adv_w = 377, .box_w = 22, .box_h = 13, .ofs_x = 1, .ofs_y = 0},
    {.bitmap_index = 16015, .adv_w = 245, .box_w = 13, .box_h = 13, .ofs_x = 1, .ofs_y = 0},
    {.bitmap_index = 16184, .adv_w = 249, .box_w = 15, .box_h = 13, .ofs_x = 0, .ofs_y = 0},
    {.bitmap_index = 16379, .adv_w = 256, .box_w = 14, .box_h = 18, .ofs_x = 1, .ofs_y = -5},
    {.bitmap_index = 16631, .adv_w = 256, .box_w = 15, .box_h = 18, .ofs_x = 0, .ofs_y = -5},
    {.bitmap_index = 16901, .adv_w = 158, .box_w = 9, .box_h = 13, .ofs_x = 1, .ofs_y = 0},
    {.bitmap_index = 17018, .adv_w = 200, .box_w = 12, .box_h = 13, .ofs_x = 0, .ofs_y = 0},
    {.bitmap_index = 17174, .adv_w = 169, .box_w = 11, .box_h = 17, .ofs_x = 0, .ofs_y = 0},
    {.bitmap_index = 17361, .adv_w = 246, .box_w = 13, .box_h = 13, .ofs_x = 1, .ofs_y = 0},
    {.bitmap_index = 17530, .adv_w = 225, .box_w = 14, .box_h = 13, .ofs_x = 0, .ofs_y = 0},
    {.bitmap_index = 17712, .adv_w = 346, .box_w = 22, .box_h = 13, .ofs_x = 0, .ofs_y = 0},
    {.bitmap_index = 17998, .adv_w = 225, .box_w = 14, .box_h = 13, .ofs_x = 0, .ofs_y = 0},
    {.bitmap_index = 18180, .adv_w = 227, .box_w = 15, .box_h = 18, .ofs_x = 0, .ofs_y = -5},
    {.bitmap_index = 18450, .adv_w = 212, .box_w = 12, .box_h = 13, .ofs_x = 1, .ofs_y = 0},
    {.bitmap_index = 18606, .adv_w = 138, .box_w = 8, .box_h = 21, .ofs_x = 0, .ofs_y = -3},
    {.bitmap_index = 18774, .adv_w = 106, .box_w = 4, .box_h = 22, .ofs_x = 1, .ofs_y = -3},
    {.bitmap_index = 18862, .adv_w = 138, .box_w = 7, .box_h = 21, .ofs_x = 1, .ofs_y = -3},
    {.bitmap_index = 19009, .adv_w = 205, .box_w = 13, .box_h = 6, .ofs_x = 0, .ofs_y = 6}
};

/*---------------------
 *  CHARACTER MAPPING
 *--------------------*/

/*Collect the unicode lists and glyph_id offsets*/
static const lv_font_fmt_txt_cmap_t cmaps[] =
{
    {
        .range_start = 32, .range_length = 95, .glyph_id_start = 1,
        .unicode_list = NULL, .glyph_id_ofs_list = NULL, .list_length = 0, .type = LV_FONT_FMT_TXT_CMAP_FORMAT0_TINY
    }
};

/*-----------------
 *    KERNING
 *----------------*/

/*Pair left and right glyphs for kerning*/
static const uint8_t kern_pair_glyph_ids[] =
{
    7, 8,
    7, 34,
    7, 53,
    7, 55,
    7, 56,
    7, 58,
    8, 7,
    8, 15,
    8, 16,
    8, 21,
    8, 34,
    8, 43,
    8, 69,
    9, 9,
    9, 17,
    9, 21,
    9, 23,
    9, 25,
    9, 26,
    9, 48,
    9, 52,
    9, 66,
    9, 69,
    9, 71,
    9, 75,
    9, 79,
    9, 80,
    9, 82,
    9, 84,
    9, 85,
    9, 86,
    9, 87,
    9, 88,
    9, 92,
    10, 10,
    11, 34,
    11, 43,
    11, 69,
    11, 80,
    11, 90,
    14, 18,
    14, 19,
    14, 20,
    14, 24,
    14, 34,
    14, 43,
    14, 53,
    14, 55,
    14, 56,
    14, 57,
    14, 58,
    14, 59,
    14, 89,
    14, 91,
    15, 8,
    15, 18,
    15, 24,
    15, 48,
    15, 53,
    15, 54,
    15, 55,
    15, 56,
    15, 58,
    15, 71,
    15, 85,
    15, 87,
    15, 88,
    15, 90,
    16, 16,
    16, 17,
    16, 21,
    16, 23,
    16, 25,
    16, 26,
    16, 34,
    16, 43,
    16, 48,
    16, 52,
    16, 66,
    16, 69,
    16, 71,
    16, 79,
    16, 80,
    16, 82,
    16, 84,
    16, 86,
    16, 89,
    16, 91,
    27, 53,
    27, 55,
    27, 56,
    27, 58,
    27, 90,
    33, 53,
    33, 55,
    33, 56,
    33, 58,
    34, 8,
    34, 11,
    34, 14,
    34, 18,
    34, 32,
    34, 48,
    34, 52,
    34, 53,
    34, 54,
    34, 55,
    34, 56,
    34, 58,
    34, 61,
    34, 66,
    34, 69,
    34, 71,
    34, 80,
    34, 82,
    34, 85,
    34, 86,
    34, 87,
    34, 88,
    34, 90,
    35, 10,
    35, 16,
    35, 34,
    35, 43,
    35, 53,
    35, 55,
    35, 56,
    35, 57,
    35, 58,
    35, 59,
    35, 61,
    35, 62,
    35, 69,
    35, 71,
    35, 80,
    35, 84,
    35, 85,
    35, 86,
    35, 87,
    35, 88,
    35, 89,
    35, 90,
    35, 91,
    36, 11,
    36, 14,
    36, 34,
    36, 48,
    36, 66,
    36, 69,
    36, 71,
    36, 79,
    36, 80,
    36, 82,
    36, 84,
    36, 85,
    36, 86,
    37, 10,
    37, 15,
    37, 16,
    37, 34,
    37, 43,
    37, 52,
    37, 53,
    37, 55,
    37, 56,
    37, 57,
    37, 58,
    37, 59,
    37, 61,
    37, 62,
    37, 66,
    37, 71,
    37, 73,
    37, 74,
    37, 77,
    37, 79,
    37, 84,
    37, 85,
    37, 86,
    37, 89,
    37, 91,
    38, 48,
    38, 66,
    38, 69,
    38, 71,
    38, 79,
    38, 80,
    38, 82,
    38, 84,
    38, 85,
    38, 86,
    39, 15,
    39, 16,
    39, 34,
    39, 43,
    39, 52,
    39, 66,
    39, 69,
    39, 71,
    39, 79,
    39, 80,
    39, 82,
    39, 84,
    39, 85,
    39, 86,
    39, 89,
    39, 91,
    40, 10,
    40, 34,
    40, 53,
    40, 55,
    40, 56,
    40, 57,
    40, 58,
    40, 71,
    40, 84,
    40, 85,
    40, 87,
    40, 88,
    40, 89,
    40, 90,
    40, 91,
    42, 66,
    42, 69,
    42, 71,
    42, 73,
    42, 74,
    42, 77,
    42, 79,
    42, 80,
    42, 82,
    42, 84,
    42, 85,
    42, 86,
    42, 91,
    43, 16,
    43, 34,
    43, 43,
    43, 66,
    43, 69,
    43, 71,
    43, 73,
    43, 74,
    43, 77,
    43, 79,
    43, 80,
    43, 82,
    43, 84,
    43, 85,
    43, 86,
    43, 89,
    43, 91,
    44, 14,
    44, 48,
    44, 52,
    44, 66,
    44, 69,
    44, 71,
    44, 79,
    44, 80,
    44, 82,
    44, 84,
    44, 85,
    44, 86,
    44, 87,
    44, 88,
    44, 90,
    45, 8,
    45, 11,
    45, 14,
    45, 18,
    45, 32,
    45, 48,
    45, 53,
    45, 54,
    45, 55,
    45, 56,
    45, 58,
    45, 61,
    45, 69,
    45, 71,
    45, 80,
    45, 82,
    45, 85,
    45, 86,
    45, 87,
    45, 88,
    45, 90,
    48, 10,
    48, 15,
    48, 16,
    48, 34,
    48, 43,
    48, 52,
    48, 53,
    48, 55,
    48, 56,
    48, 57,
    48, 58,
    48, 59,
    48, 61,
    48, 62,
    48, 66,
    48, 71,
    48, 73,
    48, 74,
    48, 77,
    48, 79,
    48, 84,
    48, 85,
    48, 89,
    48, 91,
    49, 10,
    49, 15,
    49, 16,
    49, 34,
    49, 43,
    49, 57,
    49, 58,
    49, 59,
    49, 62,
    49, 66,
    49, 69,
    49, 80,
    49, 82,
    49, 84,
    49, 91,
    50, 16,
    50, 62,
    50, 75,
    51, 43,
    51, 48,
    51, 53,
    51, 55,
    51, 56,
    51, 58,
    51, 61,
    51, 66,
    51, 69,
    51, 71,
    51, 73,
    51, 74,
    51, 77,
    51, 79,
    51, 80,
    51, 82,
    51, 85,
    51, 86,
    51, 87,
    51, 88,
    51, 90,
    52, 16,
    52, 34,
    52, 53,
    52, 55,
    52, 57,
    52, 58,
    52, 69,
    52, 71,
    52, 79,
    52, 80,
    52, 82,
    52, 84,
    52, 85,
    52, 86,
    52, 87,
    52, 88,
    52, 89,
    52, 90,
    52, 91,
    53, 7,
    53, 14,
    53, 15,
    53, 16,
    53, 21,
    53, 27,
    53, 33,
    53, 34,
    53, 43,
    53, 48,
    53, 52,
    53, 66,
    53, 69,
    53, 71,
    53, 73,
    53, 74,
    53, 77,
    53, 79,
    53, 80,
    53, 82,
    53, 84,
    53, 86,
    53, 87,
    53, 88,
    53, 89,
    53, 90,
    53, 91,
    54, 15,
    54, 16,
    54, 34,
    54, 43,
    54, 66,
    54, 69,
    54, 71,
    54, 73,
    54, 74,
    54, 77,
    54, 79,
    54, 80,
    54, 82,
    54, 84,
    54, 85,
    54, 86,
    54, 89,
    54, 91,
    55, 7,
    55, 14,
    55, 15,
    55, 16,
    55, 18,
    55, 21,
    55, 27,
    55, 33,
    55, 34,
    55, 43,
    55, 48,
    55, 52,
    55, 66,
    55, 69,
    55, 71,
    55, 79,
    55, 80,
    55, 82,
    55, 84,
    55, 85,
    55, 86,
    55, 89,
    55, 91,
    56, 14,
    56, 15,
    56, 16,
    56, 21,
    56, 27,
    56, 33,
    56, 34,
    56, 43,
    56, 48,
    56, 52,
    56, 66,
    56, 69,
    56, 71,
    56, 79,
    56, 80,
    56, 82,
    56, 84,
    56, 86,
    56, 89,
    56, 91,
    57, 14,
    57, 48,
    57, 52,
    57, 66,
    57, 69,
    57, 71,
    57, 79,
    57, 80,
    57, 82,
    57, 85,
    57, 86,
    57, 87,
    57, 88,
    57, 90,
    58, 7,
    58, 14,
    58, 15,
    58, 16,
    58, 18,
    58, 21,
    58, 27,
    58, 33,
    58, 34,
    58, 43,
    58, 48,
    58, 52,
    58, 62,
    58, 66,
    58, 69,
    58, 71,
    58, 79,
    58, 80,
    58, 82,
    58, 84,
    58, 85,
    58, 86,
    58, 87,
    58, 88,
    58, 89,
    58, 90,
    58, 91,
    59, 14,
    59, 48,
    59, 66,
    59, 69,
    59, 71,
    59, 79,
    59, 80,
    59, 82,
    59, 85,
    59, 86,
    59, 87,
    59, 88,
    59, 90,
    60, 17,
    60, 21,
    60, 23,
    60, 25,
    60, 48,
    60, 52,
    60, 58,
    60, 66,
    60, 69,
    60, 75,
    60, 80,
    60, 82,
    60, 84,
    60, 86,
    61, 8,
    61, 18,
    61, 34,
    61, 48,
    61, 53,
    61, 54,
    61, 55,
    61, 56,
    61, 58,
    61, 85,
    61, 87,
    61, 88,
    61, 90,
    66, 10,
    66, 42,
    66, 43,
    66, 48,
    66, 52,
    66, 53,
    66, 54,
    66, 55,
    66, 56,
    66, 57,
    66, 58,
    66, 59,
    66, 61,
    66, 71,
    66, 85,
    66, 87,
    66, 88,
    66, 90,
    67, 8,
    67, 10,
    67, 11,
    67, 16,
    67, 34,
    67, 42,
    67, 43,
    67, 52,
    67, 53,
    67, 54,
    67, 55,
    67, 56,
    67, 57,
    67, 58,
    67, 59,
    67, 61,
    67, 62,
    67, 71,
    67, 84,
    67, 85,
    67, 87,
    67, 88,
    67, 89,
    67, 90,
    67, 91,
    67, 94,
    68, 10,
    68, 14,
    68, 48,
    68, 52,
    68, 53,
    68, 54,
    68, 55,
    68, 56,
    68, 57,
    68, 58,
    68, 61,
    68, 62,
    68, 69,
    68, 80,
    68, 82,
    69, 42,
    69, 43,
    69, 48,
    69, 53,
    69, 54,
    69, 59,
    70, 10,
    70, 16,
    70, 34,
    70, 42,
    70, 43,
    70, 52,
    70, 53,
    70, 54,
    70, 55,
    70, 56,
    70, 57,
    70, 58,
    70, 59,
    70, 61,
    70, 62,
    70, 71,
    70, 85,
    70, 87,
    70, 88,
    70, 89,
    70, 90,
    70, 91,
    70, 94,
    71, 10,
    71, 11,
    71, 14,
    71, 15,
    71, 16,
    71, 34,
    71, 43,
    71, 53,
    71, 55,
    71, 56,
    71, 57,
    71, 58,
    71, 61,
    71, 62,
    71, 66,
    71, 69,
    71, 80,
    71, 82,
    71, 84,
    71, 94,
    72, 75,
    74, 42,
    74, 43,
    74, 48,
    74, 53,
    74, 54,
    74, 59,
    75, 75,
    76, 11,
    76, 14,
    76, 48,
    76, 52,
    76, 53,
    76, 55,
    76, 58,
    76, 66,
    76, 69,
    76, 80,
    76, 82,
    76, 84,
    77, 42,
    77, 43,
    77, 48,
    77, 53,
    77, 54,
    77, 59,
    79, 10,
    79, 42,
    79, 43,
    79, 48,
    79, 52,
    79, 53,
    79, 54,
    79, 55,
    79, 56,
    79, 57,
    79, 58,
    79, 59,
    79, 61,
    79, 71,
    79, 85,
    79, 87,
    79, 88,
    79, 90,
    80, 10,
    80, 11,
    80, 16,
    80, 34,
    80, 42,
    80, 43,
    80, 52,
    80, 53,
    80, 54,
    80, 55,
    80, 56,
    80, 57,
    80, 58,
    80, 59,
    80, 61,
    80, 62,
    80, 71,
    80, 84,
    80, 85,
    80, 87,
    80, 88,
    80, 89,
    80, 90,
    80, 91,
    80, 94,
    81, 10,
    81, 16,
    81, 34,
    81, 42,
    81, 43,
    81, 52,
    81, 53,
    81, 54,
    81, 55,
    81, 56,
    81, 57,
    81, 58,
    81, 59,
    81, 61,
    81, 62,
    81, 71,
    81, 84,
    81, 85,
    81, 87,
    81, 88,
    81, 89,
    81, 90,
    81, 91,
    81, 94,
    82, 75,
    83, 7,
    83, 10,
    83, 15,
    83, 16,
    83, 34,
    83, 42,
    83, 43,
    83, 53,
    83, 57,
    83, 58,
    83, 59,
    83, 62,
    83, 66,
    83, 69,
    83, 80,
    83, 82,
    83, 84,
    84, 10,
    84, 16,
    84, 34,
    84, 42,
    84, 43,
    84, 48,
    84, 53,
    84, 54,
    84, 55,
    84, 56,
    84, 57,
    84, 58,
    84, 59,
    84, 61,
    84, 62,
    84, 85,
    84, 87,
    84, 89,
    84, 90,
    85, 48,
    85, 53,
    85, 54,
    85, 55,
    85, 56,
    85, 58,
    85, 61,
    85, 69,
    85, 80,
    85, 82,
    86, 10,
    86, 42,
    86, 43,
    86, 48,
    86, 52,
    86, 53,
    86, 54,
    86, 55,
    86, 56,
    86, 57,
    86, 58,
    86, 59,
    86, 61,
    87, 10,
    87, 15,
    87, 16,
    87, 34,
    87, 43,
    87, 53,
    87, 57,
    87, 58,
    87, 66,
    87, 69,
    87, 80,
    87, 82,
    87, 84,
    88, 10,
    88, 15,
    88, 16,
    88, 34,
    88, 43,
    88, 53,
    88, 57,
    88, 58,
    88, 59,
    88, 66,
    88, 69,
    88, 80,
    88, 82,
    88, 84,
    89, 14,
    89, 48,
    89, 53,
    89, 54,
    89, 55,
    89, 58,
    89, 66,
    89, 69,
    89, 80,
    89, 82,
    89, 84,
    90, 10,
    90, 11,
    90, 15,
    90, 16,
    90, 34,
    90, 43,
    90, 53,
    90, 57,
    90, 58,
    90, 66,
    90, 69,
    90, 80,
    90, 82,
    90, 84,
    91, 14,
    91, 42,
    91, 48,
    91, 53,
    91, 54,
    91, 55,
    91, 56,
    91, 58,
    91, 61,
    91, 69,
    91, 80,
    91, 82,
    92, 48,
    92, 69,
    92, 75,
    92, 80,
    92, 82,
    93, 75,
    94, 10
};

/* Kerning between the respective left and right glyphs
 * 4.4 format which needs to scaled with `kern_scale`*/
static const int8_t kern_pair_values[] =
{
    -10, 3, -8, -8, -7, -9, -6, -44,
    -26, -7, -16, -6, -4, -4, -7, -8,
    -7, -6, -4, -8, -5, -8, -10, -5,
    39, -5, -10, -10, -7, -5, -8, -4,
    -5, -4, -4, -15, -7, -4, -3, 5,
    -9, -6, -6, -5, -5, -9, -20, -9,
    -7, -10, -15, -6, -8, -3, -44, -11,
    -5, -6, -21, -5, -21, -17, -21, -3,
    -5, -13, -10, -13, -109, -8, -15, -8,
    -7, -4, -23, -5, -9, -7, -14, -16,
    -5, -10, -17, -17, -16, -9, -5, -9,
    -19, -9, -7, -13, -3, -8, -6, -4,
    -8, -16, -15, -5, -7, -7, -8, -2,
    -20, -7, -17, -14, -19, -21, -2, -5,
    -4, -5, -5, -11, -4, -12, -11, -12,
    -6, -5, -3, -3, -7, -6, -4, -5,
    -8, -2, -5, -6, -2, -4, -2, -3,
    -4, -2, -3, -3, -6, -4, -2, 5,
    -3, -2, -6, -2, -8, -2, -3, -8,
    -8, -4, -2, -3, -8, -4, -10, -8,
    -8, -2, -7, -6, -4, -10, -9, -5,
    -7, -8, -3, -2, -2, -2, -2, -2,
    -3, -2, -2, -6, -3, -4, -3, -5,
    -2, -2, -5, -5, -2, -3, -3, -15,
    -15, -15, -7, -2, -6, -4, -2, -4,
    -4, -4, -7, -2, -3, -3, -5, -4,
    -2, -4, -4, -2, -2, -5, -3, -2,
    -3, -3, -3, -3, -3, -2, -3, -4,
    -3, -2, -2, -2, -2, -4, -4, -3,
    -3, -2, -2, -8, -4, -3, -3, -3,
    -3, -2, -2, -2, -2, -3, -3, -4,
    -3, -3, -2, -3, -10, -14, -7, -6,
    -18, -4, -3, -18, -17, -3, -6, -9,
    -10, -11, -10, -31, -32, -19, -8, -8,
    -7, -24, -6, -23, -19, -23, -25, -3,
    -6, -3, -3, -10, -3, -19, -15, -18,
    -8, -6, -10, -8, -8, -2, -7, -6,
    -4, -10, -10, -5, -7, -8, -3, -2,
    -2, -2, -2, -2, -3, -2, -6, -3,
    -7, -20, -17, -16, -11, -8, -2, -3,
    -5, -3, -2, -3, -2, -3, -2, -6,
    1, 32, -3, -3, -5, -5, -3, -7,
    -6, -5, -7, -3, -2, -2, -2, -2,
    -8, -7, -4, -4, -2, -2, -3, -5,
    -3, -2, -2, -2, -2, -2, -5, -3,
    -2, -2, -4, -5, -3, -4, -5, -4,
    -5, -3, -5, -20, -21, -19, -11, -19,
    -8, -20, -6, -7, -2, -25, -22, -3,
    -2, -2, -2, -8, -23, -22, -25, -19,
    -25, -23, -25, -25, -26, -5, -10, -7,
    -5, -4, -4, -3, -2, -2, -2, -3,
    -4, -4, -5, -3, -3, -3, -4, -5,
    -9, -21, -21, 3, -7, -9, -6, -17,
    -6, -6, -3, -16, -18, -3, -11, -18,
    -18, -18, -2, -9, -3, -9, -7, -17,
    -18, -5, -7, -4, -14, -5, -4, -2,
    -13, -15, -2, -9, -16, -15, -17, -8,
    -2, -8, -10, -11, -2, -5, -14, -6,
    -3, -14, -14, -8, -9, -10, -11, -10,
    -6, -15, -21, -19, 6, -11, -13, -9,
    -19, -4, -10, -4, 2, -17, -20, -5,
    -16, -20, -20, -18, -3, -15, -2, -4,
    -6, -2, -14, -5, -5, -2, -6, -4,
    -3, -6, -5, -4, -4, -3, -3, -3,
    -6, -9, -6, -4, -8, -4, 2, -7,
    -10, 36, -10, -10, -5, -6, -19, -7,
    5, -4, -15, -5, -15, -12, -15, -4,
    -9, -7, -9, -6, -2, -3, -3, -2,
    -19, -4, -14, -11, -3, -16, -4, -13,
    -2, -2, -3, -3, -3, -4, -10, -4,
    -8, -5, -4, -7, -4, -22, -4, -18,
    -15, -13, -20, -9, -14, -10, -3, -2,
    -3, -4, -3, -8, -4, -3, -5, -5,
    -4, -4, -2, -20, -3, -10, -8, -2,
    -16, -8, -4, -3, -3, -3, -2, -3,
    -2, -2, -3, -2, -9, -7, -3, -3,
    -5, -3, -26, -3, -18, -15, -9, -19,
    -6, -12, -8, -2, -2, -3, -2, -6,
    -3, -2, -4, 5, 2, -5, -11, -10,
    -15, -3, 11, 23, 20, 12, 25, 5,
    7, -2, -4, -5, -5, -2, 4, 3,
    -2, -3, -2, -2, -2, -3, 12, 5,
    -10, -8, -2, -25, -2, -4, -5, -10,
    -11, -10, -4, -2, -3, -2, -2, -3,
    -2, -6, -2, -3, -3, -2, -19, -4,
    -14, -11, -3, -16, -5, -13, -2, -3,
    -3, -3, -3, -10, -3, -8, -5, -4,
    -7, -5, -23, -4, -18, -16, -14, -20,
    -9, -14, -10, -3, -2, -4, -5, -4,
    -8, -5, -3, -5, -10, -8, -5, -3,
    -6, -4, -22, -4, -18, -15, -13, -20,
    -9, -14, -10, -3, -2, -3, -4, -3,
    -8, -4, -3, -6, 26, -4, -7, -16,
    -15, -18, -2, -14, -24, -12, -2, -5,
    -5, -2, -3, -3, -3, -2, -8, -4,
    -2, -3, -2, -3, -21, -4, -13, -10,
    -5, -18, -2, -10, -7, -2, -2, -3,
    -2, -3, -9, -3, -8, -7, -13, -7,
    -2, -2, -2, -5, -2, -3, -2, -2,
    -8, -3, -11, -9, -3, -16, -3, -7,
    -4, -13, -15, -12, -8, -25, -10, -2,
    -3, -4, -5, -4, -3, -5, -10, -13,
    -11, -10, -23, -11, -4, -2, -2, -3,
    -4, -3, -3, -8, -7, -25, -2, -3,
    -5, -4, -9, -10, -9, -2, -4, 6,
    -13, -13, -12, -9, -25, -10, -2, -3,
    -4, -5, -5, -4, -4, -2, -3, -27,
    -4, -8, -7, -13, -7, -3, -3, -3,
    -4, -5, 34, -5, -6, 25, -4
};

/*Collect the kern pair's data in one place*/
static const lv_font_fmt_txt_kern_pair_t kern_pairs =
{
    .glyph_ids = kern_pair_glyph_ids,
    .values = kern_pair_values,
    .pair_cnt = 871,
    .glyph_ids_size = 0
};

/*--------------------
 *  ALL CUSTOM DATA
 *--------------------*/

#if LVGL_VERSION_MAJOR == 8
/*Store all the custom data of the font*/
static  lv_font_fmt_txt_glyph_cache_t cache;
#endif

#if LVGL_VERSION_MAJOR >= 8
static const lv_font_fmt_txt_dsc_t font_dsc = {
#else
static lv_font_fmt_txt_dsc_t font_dsc = {
#endif
    .glyph_bitmap = glyph_bitmap,
    .glyph_dsc = glyph_dsc,
    .cmaps = cmaps,
    .kern_dsc = &kern_pairs,
    .kern_scale = 16,
    .cmap_num = 1,
    .bpp = 8,
    .kern_classes = 0,
    .bitmap_format = 0,
#if LVGL_VERSION_MAJOR == 8
    .cache = &cache
#endif
};

/*-----------------
 *  PUBLIC FONT
 *----------------*/

/*Initialize a public general font descriptor*/
#if LVGL_VERSION_MAJOR >= 8
const lv_font_t ui_font_montserrat_bold_24 = {
#else
lv_font_t ui_font_montserrat_bold_24 = {
#endif
    .get_glyph_dsc = lv_font_get_glyph_dsc_fmt_txt,    /*Function pointer to get glyph's data*/
    .get_glyph_bitmap = lv_font_get_bitmap_fmt_txt,    /*Function pointer to get glyph's bitmap*/
    .line_height = 28,          /*The maximum line height required by the font*/
    .base_line = 5,             /*Baseline measured from the bottom of the line*/
#if !(LVGL_VERSION_MAJOR == 6 && LVGL_VERSION_MINOR == 0)
    .subpx = LV_FONT_SUBPX_NONE,
#endif
#if LV_VERSION_CHECK(7, 4, 0) || LVGL_VERSION_MAJOR >= 8
    .underline_position = -2,
    .underline_thickness = 1,
#endif
    .dsc = &font_dsc,          /*The custom font data. Will be accessed by `get_glyph_bitmap/dsc` */
#if LV_VERSION_CHECK(8, 2, 0) || LVGL_VERSION_MAJOR >= 9
    .fallback = NULL,
#endif
    .user_data = NULL,
};

#endif /*#if UI_FONT_MONTSERRAT_BOLD_24*/